# .PCD v0.7 - Point Cloud Data file format
VERSION 0.7
FIELDS x y z rgba
SIZE 4 4 4 4
TYPE F F F U
COUNT 1 1 1 1
WIDTH 3382
HEIGHT 1
VIEWPOINT 0 0 0 1 0 0 0
POINTS 3382
DATA ascii
-0.12073485 0.17037761 0.72000003 4284514660
-0.12016667 0.17061424 0.72100002 4284055135
-0.12163839 0.17137899 0.72100002 4285043057
-0.12039947 0.17066589 0.71799999 4284123495
-0.1195 0.1704282 0.71700001 4283730020
-0.11893386 0.17066589 0.71799999 4283467877
-0.11820106 0.17066589 0.71799999 4283599720
-0.11730465 0.1704282 0.71700001 4283796588
-0.11706063 0.17114128 0.72000003 4284058733
-0.12630975 0.1745313 0.73100001 4284712813
-0.12220453 0.17190497 0.72000003 4284583535
-0.12146969 0.17190497 0.72000003 4284453489
-0.12056715 0.1716662 0.71899998 4284125805
-0.1195 0.1711887 0.71700001 4283666281
-0.11893386 0.17142744 0.71799999 4283535208
-0.11820106 0.17142744 0.71799999 4283338599
-0.11763186 0.1716662 0.71899998 4283535210
-0.11689804 0.1716662 0.71899998 4283600490
-0.1166489 0.17238247 0.722 4283270498
-0.11565371 0.17309876 0.72500002 4283531876
-0.12561859 0.17434737 0.727 4284452978
-0.12384599 0.17290847 0.72100002 4284387185
-0.12276863 0.17242883 0.71899998 4284321905
-0.12186507 0.17218901 0.71799999 4284191346
-0.12113227 0.17218901 0.71799999 4284191857
-0.12023178 0.17194919 0.71700001 4284061041
-0.1195 0.17194919 0.71700001 4283864943
-0.11926516 0.17266865 0.72000003 4283733357
-0.11836568 0.17242883 0.71899998 4283535978
-0.11763186 0.17242883 0.71899998 4283469931
-0.11689804 0.17242883 0.71899998 4283535210
-0.1166489 0.17314829 0.722 4283205732
-0.11591202 0.17314829 0.722 4283402341
-0.11549418 0.17362791 0.72399998 4283467877
-0.11491376 0.17386775 0.72500002 4283992940
-0.12670819 0.17560023 0.72899997 4284387443
-0.12527302 0.17463672 0.72500002 4284059761
-0.12384599 0.17367321 0.72100002 4284059761
-0.12259787 0.17295057 0.71799999 4284060273
-0.12220453 0.17343234 0.72000003 4284126836
-0.12163839 0.17367321 0.72100002 4284061554
-0.12090253 0.17367321 0.72100002 4283929968
-0.12016667 0.17367321 0.72100002 4283667310
-0.11976209 0.17415497 0.72299999 4283535724
-0.11869494 0.17367321 0.72100002 4283535210
-0.11795907 0.17367321 0.72100002 4283534695
-0.11722321 0.17367321 0.72100002 4283534695
-0.11681047 0.17415497 0.72299999 4283271009
-0.11591202 0.17391409 0.722 4283271009
-0.11549418 0.17439583 0.72399998 4283073630
-0.11475525 0.17439583 0.72399998 4283402082
-0.11448877 0.17511848 0.727 4283862122
-0.11374678 0.17511848 0.727 4284387698
-0.12561859 0.17588958 0.727 4284059763
-0.12401776 0.17467989 0.722 4283862895
-0.12276863 0.17395407 0.71899998 4283863409
-0.1220348 0.17395407 0.71899998 4284061301
-0.12146969 0.17419602 0.72000003 4283996277
-0.12107022 0.17467989 0.722 4283798898
-0.12033334 0.17467989 0.722 4283601517
-0.11976209 0.17492183 0.72299999 4283798382
-0.11902419 0.17492183 0.72299999 4283666796
-0.11828628 0.17492183 0.72299999 4283797353
-0.11754838 0.17492183 0.72299999 4283665767
-0.11681047 0.17492183 0.72299999 4283271009
-0.11591202 0.17467989 0.722 4283205214
-0.11533466 0.17492183 0.72299999 4282942042
-0.11443825 0.17467989 0.722 4283271007
-0.11385885 0.17492183 0.72299999 4283928939
-0.1132774 0.17516376 0.72399998 4284586358
-0.11238304 0.17492183 0.72299999 4285112189
-0.11149071 0.17467989 0.722 4285045626
-0.10971219 0.17419602 0.72000003 4284847471
-0.10837191 0.17322826 0.71600002 4285900409
-0.10794182 0.17371213 0.71799999 4286098037
-0.12596416 0.17714669 0.72899997 4284321652
-0.12436129 0.17593169 0.72399998 4283993970
-0.12293938 0.1749597 0.72000003 4283862641
-0.12237427 0.1752027 0.72100002 4283732338
-0.12163839 0.1752027 0.72100002 4283667313
-0.12107022 0.17544569 0.722 4283667570
-0.1205 0.17568868 0.72299999 4283864691
-0.11992773 0.17593169 0.72399998 4284192886
-0.11902419 0.17568868 0.72299999 4284061554
-0.11844988 0.17593169 0.72399998 4283928939
-0.11771096 0.17593169 0.72399998 4283665767
-0.11697203 0.17593169 0.72399998 4283140191
-0.11607257 0.17568868 0.72299999 4283074397
-0.11533466 0.17568868 0.72299999 4283008604
-0.11459675 0.17568868 0.72299999 4283666535
-0.11370137 0.17544569 0.722 4285047166
-0.11312094 0.17568868 0.72299999 4286033550
-0.11207216 0.1752027 0.72100002 4286165136
-0.11118188 0.1749597 0.72000003 4285835912
-0.11014023 0.17447369 0.71799999 4284980087
-0.1095598 0.1747167 0.71899998 4284980085
-0.10837191 0.1739877 0.71600002 4285375096
-0.10794182 0.17447369 0.71799999 4285506932
-0.10735834 0.1747167 0.71899998 4284718183
-0.10662451 0.1747167 0.71899998 4284192348
-0.10530159 0.17374469 0.71499997 4283995481
-0.10457185 0.17374469 0.71499997 4284127321
-0.10355164 0.17325869 0.713 4284258907
-0.10224709 0.1722867 0.70899999 4284390493
-0.10138028 0.1720437 0.708 4284390239
-0.10079986 0.1722867 0.70899999 4284389470
-0.12522013 0.17791991 0.72899997 4284320112
-0.12396387 0.17718774 0.72600001 4284255346
-0.12271371 0.17645556 0.72299999 4284191349
-0.12163839 0.17596744 0.72100002 4284060790
-0.12090253 0.17596744 0.72100002 4283995508
-0.12033334 0.17621149 0.722 4283995508
-0.11976209 0.17645556 0.72299999 4284127093
-0.11885957 0.17621149 0.722 4284127093
-0.11828628 0.17645556 0.72299999 4283929455
-0.11754838 0.17645556 0.72299999 4283732074
-0.11681047 0.17645556 0.72299999 4283337570
-0.11591202 0.17621149 0.722 4283206496
-0.11501562 0.17596744 0.72100002 4283206496
-0.11443825 0.17621149 0.722 4283995757
-0.11354389 0.17596744 0.72100002 4285770892
-0.11280803 0.17596744 0.72100002 4286888862
-0.11191672 0.17572339 0.72000003 4286757274
-0.11087304 0.17523526 0.71799999 4286362258
-0.10998683 0.17499121 0.71700001 4285506947
-0.10940743 0.17523526 0.71799999 4285112187
-0.10852327 0.17499121 0.71700001 4285178233
-0.10779149 0.17499121 0.71700001 4285112951
-0.10735834 0.17547931 0.71899998 4284916083
-0.10662451 0.17547931 0.71899998 4284718956
-0.10544887 0.17474714 0.71600002 4284588139
-0.10457185 0.17450307 0.71499997 4284654443
-0.10355164 0.17401496 0.713 4284654443
-0.1023913 0.17328277 0.70999998 4284654441
-0.10138028 0.17279465 0.708 4284588648
-0.10065769 0.17279465 0.708 4284653160
-0.10007624 0.17303871 0.70899999 4285243759
-0.099463664 0.17450307 0.71499997 4283730259
-0.098826602 0.17596744 0.72100002 4284191320
-0.12281935 0.17844802 0.72799999 4284912760
-0.12157328 0.17771266 0.72500002 4284585592
-0.12083334 0.17771266 0.72500002 4284389239
-0.11992773 0.17746754 0.72399998 4284192374
-0.11935344 0.17771266 0.72500002 4284258679
-0.11828628 0.17722242 0.72299999 4284193140
-0.11754838 0.17722242 0.72299999 4284127345
-0.11681047 0.17722242 0.72299999 4283864171
-0.11607257 0.17722242 0.72299999 4283601768
-0.11501562 0.17673218 0.72100002 4283470182
-0.11427975 0.17673218 0.72100002 4284390517
-0.11322892 0.17624193 0.71899998 4286296473
-0.11265156 0.17648707 0.72000003 4287151270
-0.11160584 0.17599681 0.71799999 4286953890
-0.11071862 0.1757517 0.71700001 4286559384
-0.10983344 0.17550658 0.71600002 4285638535
-0.10910267 0.17550658 0.71600002 4285243775
-0.10822055 0.17526145 0.71499997 4285375872
-0.10749081 0.17526145 0.71499997 4285375870
-0.10705971 0.1757517 0.71700001 4285047418
-0.10632793 0.1757517 0.71700001 4284981624
-0.10530159 0.17526145 0.71499997 4284982392
-0.10471811 0.17550658 0.71600002 4284982646
-0.10369688 0.17501633 0.71399999 4284851317
-0.10267973 0.1745261 0.71200001 4284851571
-0.10166667 0.17403585 0.70999998 4284785778
-0.10094202 0.17403585 0.70999998 4284719470
-0.10021739 0.17403585 0.70999998 4284586859
-0.099632889 0.17428097 0.71100003 4284455271
-0.099324554 0.17501633 0.71399999 4283863387
-0.098595835 0.17501633 0.71399999 4283666006
-0.098278321 0.1757517 0.71700001 4283929178
-0.12207634 0.17922018 0.72799999 4285108599
-0.12066666 0.17823546 0.72399998 4284979323
-0.11959645 0.17774311 0.722 4284586105
-0.11902419 0.17798929 0.72299999 4284521339
-0.11828628 0.17798929 0.72299999 4284258679
-0.11722321 0.17749692 0.72100002 4284062068
-0.11616421 0.17700456 0.71899998 4283930736
-0.11543039 0.17700456 0.71899998 4283799148
-0.11453705 0.17675838 0.71799999 4283733355
-0.11396275 0.17700456 0.71899998 4284784766
-0.11307144 0.17675838 0.71799999 4286822818
-0.11265156 0.17725074 0.72000003 4287479983
-0.11176127 0.17700456 0.71899998 4287217063
-0.11071862 0.1765122 0.71700001 4286822558
-0.10998683 0.1765122 0.71700001 4285638535
-0.10895029 0.17601983 0.71499997 4285112700
-0.1080692 0.17577365 0.71399999 4285310079
-0.10719014 0.17552747 0.713 4284981625
-0.10661176 0.17577365 0.71399999 4285047418
-0.10603133 0.17601983 0.71499997 4284982395
-0.10515431 0.17577365 0.71399999 4285113981
-0.10442559 0.17577365 0.71399999 4284982652
-0.10369688 0.17577365 0.71399999 4284785273
-0.10253552 0.17503512 0.71100003 4284719735
-0.10166667 0.17478892 0.70999998 4284653940
-0.10094202 0.17478892 0.70999998 4284522352
-0.10035855 0.17503512 0.71100003 4284259180
-0.099632889 0.17503512 0.71100003 4284127335
-0.099046335 0.17528129 0.71200001 4283667550
-0.098181568 0.17503512 0.71100003 4283601757
-0.097730048 0.17552747 0.713 4283667035
-0.097138397 0.17577365 0.71399999 4283666265
-0.12108726 0.1807341 0.73100001 4285504384
-0.11935344 0.17925064 0.72500002 4284914557
-0.11812268 0.17850891 0.722 4284718718
-0.1173858 0.17850891 0.722 4284521851
-0.11616421 0.17776717 0.71899998 4283930484
-0.11543039 0.17776717 0.71899998 4283930482
-0.11453705 0.17751993 0.71799999 4283929968
-0.11396275 0.17776717 0.71899998 4284916097
-0.11338641 0.17801443 0.72000003 4287217322
-0.11265156 0.17801443 0.72000003 4287941047
-0.11176127 0.17776717 0.71899998 4287283368
-0.11087304 0.17751993 0.71799999 4286494361
-0.11014023 0.17751993 0.71799999 4285573510
-0.10925505 0.17727271 0.71700001 4284982394
-0.1080692 0.17653097 0.71399999 4284916601
-0.10719014 0.17628373 0.713 4284850806
-0.10676107 0.17677821 0.71499997 4284653429
-0.10588303 0.17653097 0.71399999 4284653687
-0.10515431 0.17653097 0.71399999 4284719480
-0.10457185 0.17677821 0.71499997 4284522873
-0.10340641 0.17603649 0.71200001 4284522873
-0.10253552 0.17578925 0.71100003 4284522871
-0.10166667 0.175542 0.70999998 4284457077
-0.10079986 0.17529476 0.70899999 4284260465
-0.10021739 0.175542 0.70999998 4283997293
-0.099632889 0.17578925 0.71100003 4283734119
-0.098907232 0.17578925 0.71100003 4283602531
-0.098043472 0.175542 0.70999998 4283536992
-0.097455911 0.17578925 0.71100003 4283536479
-0.096730255 0.17578925 0.71100003 4283996260
-0.096274644 0.17628373 0.713 4284258923
-0.1187771 0.18026793 0.72600001 4284980350
-0.11722321 0.17902641 0.72100002 4284784511
-0.11616421 0.1785298 0.71899998 4284389753
-0.11510931 0.1780332 0.71700001 4284324472
-0.11437753 0.1780332 0.71700001 4284324215
-0.11412125 0.17877811 0.72000003 4285507466
-0.11354389 0.17902641 0.72100002 4287809459
-0.11265156 0.17877811 0.72000003 4288335805
-0.11207216 0.17902641 0.72100002 4287152295
-0.11087304 0.1782815 0.71799999 4286165650
-0.11014023 0.1782815 0.71799999 4285245313
-0.10910267 0.1777849 0.71600002 4284719733
-0.10791784 0.17703998 0.713 4284653938
-0.10703981 0.17679168 0.71200001 4284588145
-0.10631312 0.17679168 0.71200001 4284653940
-0.10558645 0.17679168 0.71200001 4284719735
-0.10515431 0.17728829 0.71399999 4284654457
-0.10442559 0.17728829 0.71399999 4284588666
-0.10340641 0.17679168 0.71200001 4284588666
-0.10253552 0.17654338 0.71100003 4284588666
-0.10180986 0.17654338 0.71100003 4284391798
-0.1010842 0.17654338 0.71100003 4284194418
-0.10035855 0.17654338 0.71100003 4284129138
-0.09977302 0.17679168 0.71200001 4283800171
-0.099046335 0.17679168 0.71200001 4283668839
-0.098181568 0.17654338 0.71100003 4283603046
-0.097455911 0.17654338 0.71100003 4283734119
-0.0965942 0.17629507 0.70999998 4284128364
-0.096004598 0.17654338 0.71100003 4284522354
-0.09541294 0.17679168 0.71200001 4284456048
-0.11771096 0.18053924 0.72399998 4285571719
-0.11632579 0.1795418 0.72000003 4284915072
-0.11575148 0.17979115 0.72100002 4284520825
-0.11469657 0.17929243 0.71899998 4284455032
-0.11396275 0.17929243 0.71899998 4285835920
-0.11370137 0.18004052 0.722 4288467389
-0.11280803 0.17979115 0.72100002 4288796356
-0.11207216 0.17979115 0.72100002 4286889123
-0.11087304 0.17904305 0.71799999 4285573512
-0.10998683 0.1787937 0.71700001 4284916602
-0.10879792 0.1780456 0.71399999 4284456561
-0.10791784 0.17779624 0.713 4284390766
-0.10688947 0.17729752 0.71100003 4284325743
-0.10616381 0.17729752 0.71100003 4284982905
-0.10558645 0.17754689 0.71200001 4285114493
-0.10485977 0.17754689 0.71200001 4285245824
-0.10427934 0.17779624 0.713 4285245826
-0.10355164 0.17779624 0.713 4285048963
-0.10267973 0.17754689 0.71200001 4284983424
-0.10180986 0.17729752 0.71100003 4284720252
-0.1010842 0.17729752 0.71100003 4284457591
-0.10035855 0.17729752 0.71100003 4284063346
-0.099632889 0.17729752 0.71100003 4283735150
-0.099046335 0.17754689 0.71200001 4283735150
-0.098181568 0.17729752 0.71100003 4283931757
-0.09759298 0.17754689 0.71200001 4283931757
-0.0965942 0.17704815 0.70999998 4284128625
-0.095734537 0.17679879 0.70899999 4284456563
-0.095144928 0.17704815 0.70999998 4284521843
-0.094819248 0.17779624 0.713 4284520812
-0.11681047 0.18105674 0.72299999 4285505926
-0.11559094 0.18030548 0.72000003 4285046145
-0.11469657 0.18005504 0.71899998 4284717693
-0.11427975 0.18055589 0.72100002 4286164887
-0.11385885 0.18105674 0.72299999 4288993220
-0.11296448 0.18080632 0.722 4289190599
-0.11207216 0.18055589 0.72100002 4286691231
-0.11071862 0.17955421 0.71700001 4285112962
-0.10983344 0.17930378 0.71600002 4284653176
-0.10879792 0.17880292 0.71399999 4284324977
-0.10776649 0.17830208 0.71200001 4284456561
-0.10673913 0.17780122 0.70999998 4284523124
-0.10616381 0.17805167 0.71100003 4285114493
-0.10543816 0.17805167 0.71100003 4285245824
-0.10485977 0.17830208 0.71200001 4285377412
-0.10413309 0.17830208 0.71200001 4285443207
-0.10326118 0.17805167 0.71100003 4285377414
-0.1023913 0.17780122 0.70999998 4285114756
-0.10166667 0.17780122 0.70999998 4284719998
-0.10065769 0.17730038 0.708 4284326007
-0.10007624 0.17755081 0.70899999 4283997299
-0.099492751 0.17780122 0.70999998 4283669102
-0.098768115 0.17780122 0.70999998 4283734381
-0.098181568 0.17805167 0.71100003 4283800173
-0.097455911 0.17805167 0.71100003 4283734380
-0.096458152 0.17755081 0.70899999 4283733867
-0.095734537 0.17755081 0.70899999 4283864941
-0.095010921 0.17755081 0.70899999 4284192878
-0.094420284 0.17780122 0.70999998 4284652913
-0.11761829 0.18308103 0.72799999 4286096523
-0.11607257 0.18182361 0.72299999 4285769098
-0.11533466 0.18182361 0.72299999 4285111940
-0.11475525 0.18207508 0.72399998 4286427546
-0.11385885 0.18182361 0.72299999 4289650636
-0.11296448 0.18157212 0.722 4289716429
-0.11191672 0.18106917 0.72000003 4286690718
-0.11071862 0.1803147 0.71700001 4284915072
-0.10952663 0.17956024 0.71399999 4284390006
-0.10879792 0.17956024 0.71399999 4284324724
-0.10776649 0.17905729 0.71200001 4284719480
-0.10703981 0.17905729 0.71200001 4285114238
-0.10631312 0.17905729 0.71200001 4285245313
-0.10528985 0.1785543 0.70999998 4285311108
-0.10471249 0.1788058 0.71100003 4285311110
-0.10398684 0.1788058 0.71100003 4285245574
-0.10326118 0.1788058 0.71100003 4285245574
-0.10253552 0.1788058 0.71100003 4285048195
-0.10180986 0.1788058 0.71100003 4284588414
-0.10079986 0.17830282 0.70899999 4284259447
-0.10007624 0.17830282 0.70899999 4284062835
-0.099352621 0.17830282 0.70899999 4283668588
-0.098768115 0.1785543 0.70999998 4283404903
-0.095278941 0.1788058 0.71100003 4283798120
-0.094553277 0.1788058 0.71100003 4284455532
-0.094355479 0.17981173 0.71499997 4284389478
-0.11639366 0.18309557 0.72500002 4286294929
-0.11533466 0.18259047 0.72299999 4285243526
-0.11443825 0.18233792 0.722 4286493339
-0.11385885 0.18259047 0.72299999 4290110672
-0.11280803 0.18208539 0.72100002 4290044879
-0.11207216 0.18208539 0.72100002 4286821534
-0.11087304 0.18132775 0.71799999 4284783486
-0.10952663 0.18031757 0.71399999 4284323445
-0.10879792 0.18031757 0.71399999 4284127347
-0.10791784 0.18006502 0.713 4284785277
-0.10688947 0.17955993 0.71100003 4285180035
-0.10586517 0.17905484 0.70899999 4285048195
-0.10514156 0.17905484 0.70899999 4285048195
-0.10441794 0.17905484 0.70899999 4285113476
-0.10384057 0.17930737 0.70999998 4285048196
-0.1029707 0.17905484 0.70899999 4285113989
-0.10224709 0.17905484 0.70899999 4284917379
-0.10138028 0.1788023 0.708 4284654207
-0.10079986 0.17905484 0.70899999 4284325753
-0.099793941 0.17854975 0.70700002 4283864943
-0.09921249 0.1788023 0.708 4283601771
-0.11639366 0.18386456 0.72500002 4286820759
-0.11533466 0.18335734 0.72299999 4285506696
-0.11443825 0.18310374 0.722 4286822558
-0.11338641 0.18259653 0.72000003 4290176720
-0.11249509 0.18234292 0.71899998 4290176720
-0.11160584 0.18208931 0.71799999 4286953374
-0.11040977 0.18132849 0.71499997 4284915072
-0.10937324 0.18082127 0.713 4284192374
-0.10879792 0.18107487 0.71399999 4284061300
-0.10791784 0.18082127 0.713 4284653437
-0.10703981 0.18056767 0.71200001 4284654207
-0.10571586 0.17955324 0.708 4284391036
-0.10499326 0.17955324 0.708 4284456829
-0.1041234 0.17929964 0.70700002 4284785024
-0.10340182 0.17929964 0.70700002 4284851587
-0.10238977 0.17879242 0.70499998 4285048965
-0.10167024 0.17879242 0.70499998 4285049478
-0.1010939 0.17904602 0.70599997 4284721026
-0.10023117 0.17879242 0.70499998 4284457339
-0.099229336 0.17828521 0.70300001 4283996529
-0.098792098 0.17879242 0.70499998 4283864173
-0.098072566 0.17879242 0.70499998 4283535206
-0.11655419 0.18488821 0.72600001 4287018138
-0.11485609 0.1833602 0.72000003 4285769098
-0.11380424 0.18285087 0.71799999 4287019167
-0.11307144 0.18285087 0.71799999 4290176720
-0.11202572 0.18234155 0.71600002 4290176720
-0.11160584 0.18285087 0.71799999 4287150753
-0.11040977 0.18208686 0.71499997 4285244037
-0.10968003 0.18208686 0.71499997 4284455548
-0.10895029 0.18208686 0.71499997 4284061301
-0.1080692 0.18183219 0.71399999 4284456059
-0.10688947 0.18106821 0.71100003 4284390266
-0.10571586 0.1803042 0.708 4284061303
-0.10484497 0.18004954 0.70700002 4284324473
-0.10368156 0.17928553 0.704 4284654208
-0.10296305 0.17928553 0.704 4285048966
-0.10151837 0.17801219 0.699 4285443723
-0.10094917 0.17826687 0.69999999 4285444236
-0.099948362 0.17775753 0.69800001 4285115269
-0.099520311 0.17826687 0.69999999 4284786304
-0.098664731 0.17801219 0.699 4284719482
-0.098371714 0.1787762 0.70200002 4284455797
-0.097655237 0.1787762 0.70200002 4283929966
-0.097353026 0.1795402 0.70499998 4283929964
-0.096359357 0.17903087 0.70300001 4284390517
-0.11543039 0.18386815 0.71899998 4286820248
-0.11453705 0.18361244 0.71799999 4286359954
-0.11364575 0.1833567 0.71700001 4287216033
-0.11275648 0.18310098 0.71600002 4290110672
-0.1117128 0.18258952 0.71399999 4290045392
-0.11082864 0.1823338 0.713 4286888098
-0.10994652 0.18207806 0.71200001 4285309578
-0.10906645 0.18182234 0.71100003 4284784515
-0.10849316 0.18207806 0.71200001 4284652927
-0.10791784 0.1823338 0.713 4284454778
-0.10673913 0.18156661 0.70999998 4284257399
-0.10541722 0.18054369 0.70599997 4283599723
-0.10440008 0.18003224 0.704 4283994995
-0.10323974 0.17926505 0.70099998 4285442954
-0.10237803 0.17900933 0.69999999 4285970067
-0.10122791 0.17824216 0.69700003 4285706895
-0.10037231 0.17798641 0.69599998 4285641102
-0.099661969 0.17798641 0.69599998 4285772172
-0.098809451 0.17773069 0.69499999 4285969551
-0.098100118 0.17773069 0.69499999 4285640584
-0.097811185 0.17849788 0.69800001 4285443205
-0.097098798 0.17849788 0.69800001 4285245313
-0.096662581 0.17900933 0.69999999 4285047934
-0.095811084 0.1787536 0.699 4284982143
-0.095777914 0.18003224 0.704 4284850041
-0.11852388 0.18719865 0.72899997 4286488971
-0.11519483 0.18309005 0.713 4286622354
-0.11414605 0.18257648 0.71100003 4286622867
-0.11326087 0.18231969 0.70999998 4286294161
-0.11253623 0.18231969 0.70999998 4287478435
-0.11196908 0.18257648 0.71100003 4290176465
-0.11124342 0.18257648 0.71100003 4290176467
-0.11082864 0.18309005 0.713 4287084707
-0.10979211 0.18257648 0.71100003 4285506445
-0.10921984 0.18283327 0.71200001 4285309065
-0.10849316 0.18283327 0.71200001 4284914561
-0.10776649 0.18283327 0.71200001 4284387447
-0.10688947 0.18257648 0.71100003 4284124273
-0.10541722 0.18129252 0.70599997 4284058478
-0.10425179 0.18052217 0.70300001 4284586104
-0.10309247 0.1797518 0.69999999 4285640075
-0.10193928 0.17898144 0.69700003 4286166930
-0.10064697 0.17795429 0.69300002 4285970067
-0.099795461 0.17769749 0.69199997 4285970065
-0.098946005 0.1774407 0.69099998 4286232210
-0.098240763 0.1774407 0.69099998 4286298003
-0.097535513 0.1774407 0.69099998 4286101135
-0.097390793 0.17846785 0.69499999 4285903756
-0.096681468 0.17846785 0.69499999 4285771659
-0.096110225 0.17872465 0.69599998 4285640073
-0.095399871 0.17872465 0.69599998 4285639303
-0.095097676 0.17949502 0.699 4285376385
-0.11681384 0.18410416 0.71399999 4286227850
-0.11559737 0.18333061 0.71100003 4286228620
-0.11438702 0.18255706 0.708 4286163597
-0.1139855 0.18307276 0.70999998 4286163597
-0.11294182 0.18255706 0.708 4286097036
-0.11237773 0.18281491 0.70899999 4287347103
-0.11133915 0.18229923 0.70700002 4290175950
-0.11077403 0.18255706 0.708 4290307537
-0.11005144 0.18255706 0.708 4287412391
-0.10932884 0.18255706 0.708 4286030738
-0.10860625 0.18255706 0.708 4285767307
-0.10788365 0.18255706 0.708 4285043584
-0.10746376 0.18307276 0.70999998 4284056429
-0.10643846 0.18255706 0.708 4283793255
-0.10526791 0.18178351 0.70499998 4285175419
-0.10410349 0.18100998 0.70200002 4285703558
-0.10294519 0.18023643 0.699 4286165647
-0.10164677 0.17920503 0.69499999 4286232721
-0.10064697 0.17868933 0.69300002 4285970065
-0.099507041 0.17791578 0.69 4285838479
-0.09880282 0.17791578 0.69 4286100624
-0.097672075 0.17714223 0.68699998 4286034831
-0.09739437 0.17791578 0.69 4285837963
-0.096970402 0.17843147 0.69199997 4285707147
-0.096264131 0.17843147 0.69199997 4285772172
-0.095557868 0.17843147 0.69199997 4285772172
-0.095125742 0.17894718 0.69400001 4285705866
-0.09441743 0.17894718 0.69400001 4285508485
-0.093709126 0.17894718 0.69400001 4285507969
-0.11827128 0.18486147 0.71399999 4286689170
-0.11721331 0.18434367 0.71200001 4286558867
-0.11599582 0.18356693 0.70899999 4286230417
-0.11527219 0.18356693 0.70899999 4285967758
-0.11406389 0.18279019 0.70599997 4285835659
-0.11366442 0.18330802 0.708 4285835144
-0.11246326 0.18253128 0.70499998 4285768839
-0.11206073 0.18304911 0.70700002 4287215517
-0.11133915 0.18304911 0.70700002 4290307023
-0.11046111 0.18279019 0.70599997 4290570196
-0.10974056 0.18279019 0.70599997 4287740586
-0.10902 0.18279019 0.70599997 4286095761
-0.10829944 0.18279019 0.70599997 4285371268
-0.10773128 0.18304911 0.70700002 4284449907
-0.10731241 0.18356693 0.70899999 4283856999
-0.10628812 0.18304911 0.70700002 4283858021
-0.10496928 0.18201347 0.70300001 4285372540
-0.10410349 0.18175456 0.70200002 4286097801
-0.10279792 0.18071893 0.69800001 4286099595
-0.10135426 0.17942438 0.69300002 4286035342
-0.10064697 0.17942438 0.69300002 4285904526
-0.099651255 0.17890655 0.69099998 4285969551
-0.098946005 0.17890655 0.69099998 4286232212
-0.097956419 0.17838874 0.68900001 4286034833
-0.097535513 0.17890655 0.69099998 4285641100
-0.096830271 0.17890655 0.69099998 4285641100
-0.096264131 0.17916545 0.69199997 4285837965
-0.095419779 0.17890655 0.69099998 4285969551
-0.09471453 0.17890655 0.69099998 4285969038
-0.094009288 0.17890655 0.69099998 4285837452
-0.093304038 0.17890655 0.69099998 4286034315
-0.093000814 0.17968328 0.69400001 4286231692
-0.12719381 0.18587875 0.71499997 4284974960
-0.12350245 0.18691865 0.71899998 4285701506
-0.12254399 0.18769856 0.722 4285375363
-0.12130098 0.18691865 0.71899998 4285310340
-0.1198964 0.18587875 0.71499997 4285573512
-0.11916666 0.18587875 0.71499997 4285574282
-0.11793999 0.18509886 0.71200001 4286363798
-0.11671943 0.18431894 0.70899999 4286364055
-0.11566861 0.18379901 0.70700002 4286166676
-0.11527219 0.18431894 0.70899999 4285706125
-0.11422545 0.18379901 0.70700002 4285376903
-0.11350388 0.18379901 0.70700002 4285244288
-0.11262278 0.18353902 0.70599997 4285374593
-0.11190222 0.18353902 0.70599997 4287018136
-0.11102419 0.18327905 0.70499998 4290372557
-0.11030465 0.18327905 0.70499998 4290767062
-0.10942968 0.18301909 0.704 4287937195
-0.10871117 0.18301909 0.704 4285831308
-0.10814605 0.18327905 0.70499998 4284514678
-0.10742652 0.18327905 0.70499998 4283659110
-0.1070097 0.18379901 0.70700002 4283527522
-0.10583711 0.18301909 0.704 4284186216
-0.10452133 0.18197921 0.69999999 4285043575
-0.10351031 0.18145928 0.69800001 4285769090
-0.10279792 0.18145928 0.69800001 4285836934
-0.10150051 0.18041939 0.69400001 4285903754
-0.10064697 0.18015942 0.69300002 4285970319
-0.099795461 0.17989944 0.69199997 4286166930
-0.099089198 0.17989944 0.69199997 4286363798
-0.097956419 0.17911954 0.68900001 4286166419
-0.09739437 0.17937951 0.69 4285904274
-0.09655001 0.17911954 0.68900001 4285773199
-0.095985912 0.17937951 0.69 4285904272
-0.095005512 0.17885958 0.68800002 4285970065
-0.094440401 0.17911954 0.68900001 4286035344
-0.093737192 0.17911954 0.68900001 4285969551
-0.093033984 0.17911954 0.68900001 4286100624
-0.092598796 0.17963947 0.69099998 4286232208
-0.092159525 0.18015942 0.69300002 4286429071
-0.12631415 0.18324375 0.70200002 4285043322
-0.12559767 0.18324375 0.70200002 4284714868
-0.12416963 0.18219963 0.69800001 4284715381
-0.12257288 0.18089446 0.69300002 4284847736
-0.12147163 0.18350478 0.70300001 4285242495
-0.12230007 0.18585406 0.71200001 4285375621
-0.12140264 0.18559302 0.71100003 4285310855
-0.1208467 0.18585406 0.71200001 4284917380
-0.1197826 0.18533199 0.70999998 4284917892
-0.11905797 0.18533199 0.70999998 4285181064
-0.11816666 0.18507096 0.70899999 4285181064
-0.11678046 0.18402684 0.70499998 4285970580
-0.11606093 0.18402684 0.70499998 4286036373
-0.1153414 0.18402684 0.70499998 4285773201
-0.11494704 0.1845489 0.70700002 4285377928
-0.11422545 0.1845489 0.70700002 4285048449
-0.11350388 0.1845489 0.70700002 4284915580
-0.11246326 0.18402684 0.70499998 4285046396
-0.11174372 0.18402684 0.70499998 4286886549
-0.11086671 0.1837658 0.704 4290175178
-0.11014819 0.1837658 0.704 4290832341
-0.10942968 0.1837658 0.704 4288331440
-0.10886558 0.18402684 0.70499998 4286291857
-0.10783926 0.18350478 0.70300001 4284843897
-0.10712176 0.18350478 0.70300001 4283922795
-0.10595019 0.18272167 0.69999999 4284054378
-0.10553644 0.18324375 0.70200002 4284515951
-0.10452133 0.18272167 0.69999999 4284978295
-0.10351031 0.18219963 0.69800001 4285440638
-0.10265065 0.18193859 0.69700003 4285640325
-0.10150051 0.1811555 0.69400001 4285904524
-0.10079221 0.1811555 0.69400001 4285970319
-0.099795461 0.18063343 0.69199997 4286166930
-0.099232398 0.18089446 0.69300002 4286231957
-0.097956419 0.17985034 0.68900001 4286034578
-0.097535513 0.1803724 0.69099998 4285970068
-0.096830271 0.1803724 0.69099998 4285904787
-0.095846809 0.17985034 0.68900001 4285904274
-0.094867416 0.17932828 0.68699998 4285970065
-0.094303332 0.17958932 0.68800002 4286035344
-0.093737192 0.17985034 0.68900001 4286035344
-0.092898965 0.17958932 0.68800002 4286100624
-0.09246479 0.18011136 0.69 4286166417
-0.092026532 0.18063343 0.69199997 4286494612
-0.091716163 0.18141653 0.69499999 4286165647
-0.12793539 0.1852988 0.70700002 4285439622
-0.1245148 0.18136741 0.69199997 4284782973
-0.12309288 0.18031906 0.68800002 4284455032
-0.12167912 0.17927068 0.68400002 4284389239
-0.12168851 0.18031906 0.68800002 4284324215
-0.12063462 0.17979486 0.68599999 4284390006
-0.1201093 0.18005694 0.68699998 4284521592
-0.11940814 0.18005694 0.68699998 4284718973
-0.12043489 0.18267788 0.69700003 4285048196
-0.12058236 0.18398833 0.70200002 4285246345
-0.12037814 0.18477461 0.70499998 4285246602
-0.11982833 0.18503669 0.70599997 4285049223
-0.1194452 0.18556088 0.708 4284917637
-0.11855491 0.1852988 0.70700002 4284983430
-0.11783334 0.1852988 0.70700002 4285114759
-0.11694611 0.18503669 0.70599997 4285180551
-0.11622555 0.18503669 0.70599997 4285246344
-0.11550499 0.18503669 0.70599997 4284983683
-0.11494704 0.1852988 0.70700002 4284786045
-0.11454858 0.18582298 0.70899999 4284785275
-0.11382496 0.18582298 0.70899999 4284784762
-0.11262278 0.18503669 0.70599997 4285046907
-0.11174372 0.18477461 0.70499998 4286953110
-0.11102419 0.18477461 0.70499998 4290174662
-0.10999174 0.18425043 0.70300001 4290766034
-0.10942968 0.18451251 0.704 4288661172
-0.10855675 0.18425043 0.70300001 4287148447
-0.10753245 0.18372624 0.70099998 4286161038
-0.10666462 0.18346414 0.69999999 4285503877
-0.10564748 0.18293998 0.69800001 4285438082
-0.10463441 0.18241578 0.69599998 4285307520
-0.10377475 0.18215369 0.69499999 4284979835
-0.10306542 0.18215369 0.69499999 4284981627
-0.10250337 0.18241578 0.69599998 4285640584
-0.10150051 0.18189161 0.69400001 4285905039
-0.10093743 0.18215369 0.69499999 4285904785
-0.099939682 0.18162951 0.69300002 4286035860
-0.099232398 0.18162951 0.69300002 4286363029
-0.098240763 0.18110532 0.69099998 4286362775
-0.09739437 0.18084323 0.69 4286166679
-0.09655001 0.18058114 0.68900001 4286035861
-0.0957077 0.18031906 0.68800002 4286035860
-0.094867416 0.18005694 0.68699998 4285970067
-0.094303332 0.18031906 0.68800002 4286166676
-0.093737192 0.18058114 0.68900001 4286232469
-0.093033984 0.18058114 0.68900001 4286232469
-0.092598796 0.18110532 0.69099998 4286232470
-0.092159525 0.18162951 0.69300002 4286166164
-0.091716163 0.18215369 0.69499999 4285902992
-0.091137782 0.18241578 0.69599998 4285968270
-0.12864657 0.18499608 0.70300001 4286820248
-0.12574536 0.18183824 0.69099998 4286098065
-0.12413533 0.18052249 0.68599999 4285638541
-0.12271545 0.17946987 0.68199998 4284981894
-0.12184048 0.17920673 0.68099999 4284653440
-0.12096754 0.17894357 0.68000001 4284456829
-0.12027352 0.17894357 0.68000001 4284259449
-0.11957951 0.17894357 0.68000001 4284259449
-0.11906032 0.17920673 0.68099999 4284457341
-0.11906052 0.18025933 0.685 4284588927
-0.11939814 0.18183824 0.69099998 4284852357
-0.11972352 0.18341717 0.69700003 4284853127
-0.11935364 0.18394347 0.699 4284918920
-0.11931915 0.18499608 0.70300001 4285049738
-0.11843295 0.18473293 0.70200002 4284983432
-0.11805185 0.18525922 0.704 4285048966
-0.11666667 0.18420662 0.69999999 4285179782
-0.11661482 0.18525922 0.704 4285245317
-0.11573168 0.18499608 0.70300001 4285114242
-0.11501419 0.18499608 0.70300001 4284786045
-0.11462186 0.18552238 0.70499998 4284654459
-0.11438702 0.18631184 0.708 4284851068
-0.11366442 0.18631184 0.708 4284916348
-0.11246326 0.18552238 0.70499998 4285178491
-0.11158522 0.18525922 0.704 4287018903
-0.11070923 0.18499608 0.70300001 4289911490
-0.10999174 0.18499608 0.70300001 4290371276
-0.10927424 0.18499608 0.70300001 4288332974
-0.10840233 0.18473293 0.70200002 4287346592
-0.10737906 0.18420662 0.69999999 4286754712
-0.10651225 0.18394347 0.699 4286558101
-0.10549612 0.18341717 0.69700003 4286426769
-0.10433374 0.18262771 0.69400001 4286032268
-0.10347612 0.18236455 0.69300002 4285441413
-0.10276883 0.18236455 0.69300002 4285179522
-0.10235609 0.18289086 0.69499999 4285903758
-0.10150051 0.18262771 0.69400001 4286035860
-0.10108267 0.183154 0.69599998 4285904274
-0.10022811 0.18289086 0.69499999 4285970068
-0.099661969 0.183154 0.69599998 4286296982
-0.098525107 0.18236455 0.69300002 4286428568
-0.097817823 0.18236455 0.69300002 4286232472
-0.096690141 0.18157509 0.69 4286101400
-0.095846809 0.18131195 0.68900001 4286035861
-0.094867416 0.18078563 0.68699998 4285904274
-0.094166256 0.18078563 0.68699998 4286100884
-0.093329042 0.18052249 0.68599999 4286232470
-0.092898965 0.1810488 0.68800002 4286232470
-0.092598796 0.18183824 0.69099998 4286166679
-0.092026532 0.1821014 0.69199997 4286034582
-0.091452241 0.18236455 0.69300002 4285968789
-0.09074495 0.18236455 0.69300002 4286231189
-0.090037666 0.18236455 0.69300002 4285836684
-0.1277079 0.18336381 0.69400001 4287412644
-0.12590161 0.18177854 0.68800002 4287216292
-0.12428956 0.18045747 0.68300003 4286888610
-0.1230496 0.17966484 0.68000001 4286362777
-0.12199571 0.1791364 0.67799997 4285705617
-0.12130373 0.1791364 0.67799997 4285179784
-0.12061175 0.1791364 0.67799997 4284916612
-0.12009665 0.17940062 0.67900002 4284850817
-0.11975536 0.17992903 0.68099999 4284850816
-0.11906032 0.17992903 0.68099999 4284720000
-0.1187129 0.18045747 0.68300003 4284655233
-0.11905257 0.18204275 0.68900001 4284458368
-0.11920821 0.18336381 0.69400001 4284524162
-0.1191829 0.18442066 0.69800001 4284852357
-0.11914942 0.18547752 0.70200002 4285049225
-0.11877036 0.18600594 0.704 4285180298
-0.11838721 0.18653436 0.70599997 4285245062
-0.11733333 0.18600594 0.704 4285244548
-0.11644918 0.18574172 0.70300001 4285310340
-0.11556706 0.18547752 0.70200002 4285112959
-0.11501419 0.18574172 0.70300001 4284982654
-0.11413411 0.18547752 0.70200002 4284851068
-0.1135792 0.18574172 0.70300001 4284719482
-0.11286171 0.18574172 0.70300001 4284982141
-0.11246326 0.18627015 0.70499998 4285704837
-0.11126822 0.18547752 0.70200002 4287084696
-0.11070923 0.18574172 0.70300001 4289450939
-0.1096788 0.1852133 0.70099998 4289713600
-0.10927424 0.18574172 0.70300001 4287478176
-0.10840233 0.18547752 0.70200002 4286624148
-0.10753245 0.1852133 0.70099998 4286691223
-0.10651225 0.18468487 0.699 4286823320
-0.10519341 0.18362802 0.69499999 4286889113
-0.10418341 0.1830996 0.69300002 4286823320
-0.10362543 0.18336381 0.69400001 4286362515
-0.10276883 0.1830996 0.69300002 4286231443
-0.10220882 0.18336381 0.69400001 4286363543
-0.10150051 0.18336381 0.69400001 4286364058
-0.10093743 0.18362802 0.69499999 4286100886
-0.1000839 0.18336381 0.69400001 4286035093
-0.099805169 0.18415646 0.69700003 4286297754
-0.098667279 0.18336381 0.69400001 4286297754
-0.097817823 0.1830996 0.69300002 4286166425
-0.096830271 0.18257117 0.69099998 4286232472
-0.095846809 0.18204275 0.68900001 4286232472
-0.094729334 0.18125011 0.68599999 4286100884
-0.094166256 0.18151431 0.68699998 4286166166
-0.093193002 0.1809859 0.685 4286231959
-0.092898965 0.18177854 0.68800002 4286297754
-0.09246479 0.18230696 0.69 4286363293
-0.091893546 0.18257117 0.69099998 4286231707
-0.091188304 0.18257117 0.69099998 4285968535
-0.09074495 0.1830996 0.69300002 4285902226
-0.089777812 0.18257117 0.69099998 4285573513
-0.089072563 0.18257117 0.69099998 4284849787
-0.12568371 0.18118191 0.68300003 4287676843
-0.12462064 0.18065135 0.68099999 4287480234
-0.12301572 0.17932498 0.676 4287283368
-0.12250673 0.17959026 0.67699999 4286823330
-0.12163585 0.17932498 0.676 4286100375
-0.120767 0.17905971 0.67500001 4285508495
-0.12025597 0.17932498 0.676 4285179784
-0.11991978 0.17985553 0.67799997 4285048198
-0.11957951 0.18038608 0.68000001 4284851587
-0.11871066 0.18012081 0.67900002 4284851586
-0.11906052 0.18171245 0.685 4284721026
-0.11887977 0.18250827 0.68800002 4284524161
-0.11886466 0.18356936 0.69199997 4284524162
-0.11832915 0.18383464 0.69300002 4284786564
-0.11880996 0.18569155 0.69999999 4284983432
-0.11792682 0.18542628 0.699 4285245577
-0.11754878 0.18595682 0.70099998 4285179269
-0.1165 0.18542628 0.699 4285244547
-0.11611788 0.18595682 0.70099998 4285244545
-0.11490855 0.18516101 0.69800001 4284982141
-0.11435977 0.18542628 0.699 4284982654
-0.11348377 0.18516101 0.69800001 4284786045
-0.11341764 0.18622211 0.70200002 4284916861
-0.11254062 0.18595682 0.70099998 4285311106
-0.11198469 0.18622211 0.70200002 4286165390
-0.11126822 0.18622211 0.70200002 4287479456
-0.11023678 0.18569155 0.69999999 4289384892
-0.10936589 0.18542628 0.699 4289384892
-0.10865248 0.18542628 0.699 4287149722
-0.10763024 0.18489574 0.69700003 4286295695
-0.10676546 0.18463045 0.69599998 4286428560
-0.10590273 0.18436518 0.69499999 4286692243
-0.1048907 0.18383464 0.69300002 4286954902
-0.10388273 0.18330409 0.69099998 4287086490
-0.10347612 0.18383464 0.69300002 4287020188
-0.10276883 0.18383464 0.69300002 4286888349
-0.10235609 0.18436518 0.69499999 4286822815
-0.10164677 0.18436518 0.69499999 4286691742
-0.10108267 0.18463045 0.69599998 4286429340
-0.10022811 0.18436518 0.69499999 4286363547
-0.099805169 0.18489574 0.69700003 4286297754
-0.098809451 0.18436518 0.69499999 4286166168
-0.097958975 0.18409991 0.69400001 4286166425
-0.096830271 0.18330409 0.69099998 4286166425
-0.096125022 0.18330409 0.69099998 4286166425
-0.094729334 0.18197772 0.68599999 4286100886
-0.094303332 0.18250827 0.68800002 4286166168
-0.093193002 0.18171245 0.685 4286231961
-0.093033984 0.18277355 0.68900001 4286297500
-0.092196777 0.18250827 0.68800002 4286297500
-0.091893546 0.18330409 0.69099998 4286100122
-0.091056339 0.18303882 0.69 4285968535
-0.090613998 0.18356936 0.69199997 4285902228
-0.089647889 0.18303882 0.69 4285573259
-0.08894366 0.18303882 0.69 4285047166
-0.089006737 0.18463045 0.69599998 4284521074
-0.12934139 0.18616769 0.699 4287808172
-0.12513167 0.18110734 0.68000001 4287808429
-0.12407164 0.18057467 0.67799997 4287546027
-0.12265177 0.17950934 0.67400002 4287348648
-0.12232578 0.180042 0.676 4286954403
-0.12163585 0.180042 0.676 4286428572
-0.12094591 0.180042 0.676 4285837203
-0.12043386 0.18030833 0.67699999 4285377163
-0.12027352 0.18110734 0.68000001 4285048712
-0.12010707 0.18190636 0.68300003 4284983430
-0.11958481 0.18217269 0.68400002 4284983685
-0.11906052 0.18243901 0.685 4285115271
-0.11853419 0.18270534 0.68599999 4284918405
-0.11817759 0.18323801 0.68800002 4284852357
-0.1178169 0.18377069 0.69 4284852357
-0.11796132 0.18510236 0.69499999 4284983432
-0.11758941 0.18563503 0.69700003 4284982919
-0.1173811 0.18643403 0.69999999 4284982403
-0.11666667 0.18643403 0.69999999 4284982145
-0.11628353 0.1869667 0.70200002 4284982656
-0.1152378 0.18643403 0.69999999 4284720252
-0.11435977 0.18616769 0.699 4284654972
-0.11348377 0.18590136 0.69800001 4284589179
-0.11309451 0.18643403 0.69999999 4284851068
-0.11221953 0.18616769 0.699 4285507717
-0.11182517 0.18670036 0.70099998 4286493844
-0.11079271 0.18616769 0.699 4287873445
-0.1100793 0.18616769 0.699 4289319869
-0.10889651 0.18536869 0.69599998 4289057210
-0.10818616 0.18536869 0.69599998 4286887320
-0.10716698 0.18483602 0.69400001 4286033291
-0.10645866 0.18483602 0.69400001 4286100106
-0.10575036 0.18483602 0.69400001 4286297484
-0.10473933 0.18430334 0.69199997 4286757265
-0.10403306 0.18430334 0.69199997 4287151256
-0.10347612 0.18456969 0.69300002 4287742628
-0.10291713 0.18483602 0.69400001 4287544996
-0.10235609 0.18510236 0.69499999 4287216546
-0.10150051 0.18483602 0.69400001 4286953890
-0.10093743 0.18510236 0.69499999 4286823330
-0.10022811 0.18510236 0.69499999 4286560926
-0.099661969 0.18536869 0.69599998 4286297754
-0.098667279 0.18483602 0.69400001 4286166168
-0.098100118 0.18510236 0.69499999 4286034582
-0.096830271 0.18403701 0.69099998 4286100121
-0.096264131 0.18430334 0.69199997 4286100121
-0.095143601 0.18350436 0.68900001 4286100375
-0.09471453 0.18403701 0.69099998 4286165914
-0.093601145 0.18323801 0.68800002 4286231707
-0.093304038 0.18403701 0.69099998 4286297500
-0.092330784 0.18350436 0.68900001 4286297501
-0.091760561 0.18377069 0.69 4286165915
-0.090924375 0.18350436 0.68900001 4286231707
-0.090483055 0.18403701 0.69099998 4286165400
-0.089647889 0.18377069 0.69 4285968017
-0.089072563 0.18403701 0.69099998 4285836684
-0.12893847 0.18530473 0.69300002 4287610793
-0.12601072 0.18209599 0.68099999 4287545257
-0.12494764 0.1815612 0.67900002 4287546027
-0.12370566 0.18075901 0.676 4287348648
-0.12246978 0.17995682 0.67299998 4287019683
-0.12232578 0.18075901 0.676 4286822817
-0.12163585 0.18075901 0.676 4286428572
-0.12094591 0.18075901 0.676 4285902996
-0.12043386 0.18102641 0.67699999 4285311884
-0.12009665 0.1815612 0.67900002 4285049225
-0.11993121 0.18236338 0.68199998 4284983943
-0.11958481 0.18289818 0.68400002 4284984198
-0.11923433 0.18343297 0.68599999 4285181062
-0.11818861 0.18289818 0.68400002 4285049476
-0.11800581 0.18370035 0.68699998 4284983685
-0.1171339 0.18343297 0.68599999 4284918150
-0.11728241 0.18476994 0.69099998 4284983432
-0.11674586 0.18503733 0.69199997 4284917637
-0.11687804 0.18637432 0.69700003 4284851586
-0.11583333 0.18583952 0.69499999 4284719998
-0.11562095 0.18664171 0.69800001 4284851838
-0.11507318 0.18690909 0.699 4284720765
-0.11452337 0.1871765 0.69999999 4284655483
-0.11332119 0.18637432 0.69700003 4284654972
-0.11293294 0.18690909 0.699 4284916863
-0.11238007 0.1871765 0.69999999 4285770891
-0.1113466 0.18664171 0.69800001 4287282335
-0.11079271 0.18690909 0.699 4288531377
-0.10976434 0.18637432 0.69700003 4289386175
-0.10874005 0.18583952 0.69499999 4288991417
-0.10787528 0.18557213 0.69400001 4286822039
-0.10701256 0.18530473 0.69300002 4285902216
-0.10615186 0.18503733 0.69199997 4285902726
-0.10544559 0.18503733 0.69199997 4285968519
-0.10473933 0.18503733 0.69199997 4286296714
-0.10418341 0.18530473 0.69300002 4286755983
-0.10362543 0.18557213 0.69400001 4287676319
-0.10291713 0.18557213 0.69400001 4287610273
-0.10220882 0.18557213 0.69400001 4287150240
-0.10150051 0.18557213 0.69400001 4286953374
-0.10093743 0.18583952 0.69499999 4286888608
-0.099939682 0.18530473 0.69300002 4286757535
-0.099518776 0.18583952 0.69499999 4286363545
-0.098667279 0.18557213 0.69400001 4286363545
-0.097958975 0.18557213 0.69400001 4286231707
-0.096970402 0.18503733 0.69199997 4286231707
-0.096542358 0.18557213 0.69400001 4286165914
-0.095419779 0.18476994 0.69099998 4286165914
-0.094851598 0.18503733 0.69199997 4286165915
-0.093737192 0.18423516 0.68900001 4286297501
-0.093304038 0.18476994 0.69099998 4286231708
-0.09246479 0.18450254 0.69 4286231708
-0.091627575 0.18423516 0.68900001 4286165915
-0.090924375 0.18423516 0.68900001 4286165914
-0.090352111 0.18450254 0.69 4285968019
-0.089647889 0.18450254 0.69 4285902224
-0.08894366 0.18450254 0.69 4286231442
-0.088750973 0.18557213 0.69400001 4286099854
-0.12856634 0.18550286 0.69099998 4287018913
-0.12656583 0.18362367 0.68400002 4286888097
-0.12457961 0.18174449 0.67699999 4287151269
-0.12388865 0.18174449 0.67699999 4287020196
-0.12283374 0.18120758 0.67500001 4286822817
-0.12268769 0.18201293 0.67799997 4286691231
-0.12145591 0.18120758 0.67500001 4286428570
-0.120767 0.18120758 0.67500001 4285837460
-0.12061175 0.18201293 0.67799997 4285312397
-0.12027352 0.18254985 0.68000001 4284983945
-0.11975536 0.18281831 0.68099999 4284787334
-0.11940999 0.18335523 0.68300003 4284853126
-0.11888672 0.18362367 0.68400002 4285048963
-0.1183614 0.18389213 0.685 4284983170
-0.11749051 0.18362367 0.68400002 4284917892
-0.11679241 0.18362367 0.68400002 4284917892
-0.11677323 0.18469751 0.68800002 4284983430
-0.11623974 0.18496595 0.68900001 4284983430
-0.1160396 0.18577132 0.69199997 4284983172
-0.11566667 0.18630823 0.69400001 4284851584
-0.1154553 0.1871136 0.69700003 4284654972
-0.1152378 0.18791896 0.69999999 4284655483
-0.11386895 0.18684514 0.69599998 4284787069
-0.11348377 0.18738206 0.69800001 4284786815
-0.11260983 0.1871136 0.69700003 4285048449
-0.112059 0.18738206 0.69800001 4286099344
-0.1113466 0.18738206 0.69800001 4287939754
-0.11079271 0.18765052 0.699 4289254589
-0.10976434 0.1871136 0.69700003 4289385921
-0.10858359 0.18630823 0.69400001 4288728502
-0.1075644 0.18577132 0.69199997 4286755991
-0.10670371 0.18550286 0.69099998 4285902218
-0.10599846 0.18550286 0.69099998 4285771141
-0.10529322 0.18550286 0.69099998 4285902469
-0.10473933 0.18577132 0.69199997 4286099335
-0.10418341 0.18603978 0.69300002 4286624397
-0.10347612 0.18603978 0.69300002 4287084182
-0.10306542 0.18657668 0.69499999 4287281307
-0.10220882 0.18630823 0.69400001 4286953370
-0.10150051 0.18630823 0.69400001 4286625177
-0.10064697 0.18603978 0.69300002 4286757276
-0.099939682 0.18603978 0.69300002 4286691740
-0.099232398 0.18603978 0.69300002 4286560154
-0.098382935 0.18577132 0.69199997 4286691740
-0.097817823 0.18603978 0.69300002 4286823844
-0.096970402 0.18577132 0.69199997 4286692258
-0.096403249 0.18603978 0.69300002 4286494880
-0.095419779 0.18550286 0.69099998 4286363294
-0.094851598 0.18577132 0.69199997 4286231967
-0.094145335 0.18577132 0.69199997 4286166174
-0.093574099 0.18603978 0.69300002 4286100381
-0.092598796 0.18550286 0.69099998 4285969049
-0.091760561 0.18523441 0.69 4286100635
-0.091056339 0.18523441 0.69 4285903255
-0.090352111 0.18523441 0.69 4285508236
-0.089777812 0.18550286 0.69099998 4285442441
-0.08894366 0.18523441 0.69 4285969040
-0.088750973 0.18630823 0.69400001 4285903247
-0.088296384 0.18684514 0.69599998 4285047936
-0.12833619 0.1848882 0.68599999 4286689948
-0.12744999 0.1846187 0.685 4286624925
-0.1254556 0.18273206 0.67799997 4286428059
-0.12476362 0.18273206 0.67799997 4286494365
-0.12333967 0.18165402 0.67400002 4286494365
-0.12301572 0.18219304 0.676 4286428572
-0.12178291 0.18138449 0.67299998 4286362779
-0.12127598 0.18165402 0.67400002 4286100375
-0.120767 0.18192352 0.67500001 4285771667
-0.12007808 0.18192352 0.67500001 4285443470
-0.12009665 0.18300159 0.67900002 4285246602
-0.11975536 0.18354063 0.68099999 4285181577
-0.11923514 0.18381013 0.68199998 4285181575
-0.11853909 0.18381013 0.68199998 4285246596
-0.11801583 0.18407966 0.68300003 4285311619
-0.11749051 0.18434918 0.68400002 4285180549
-0.11662167 0.18407966 0.68300003 4285181064
-0.11609431 0.18434918 0.68400002 4285246602
-0.11505879 0.18381013 0.68199998 4285312137
-0.11520116 0.18515772 0.68699998 4285246342
-0.11533333 0.1865053 0.69199997 4285115010
-0.11495836 0.18704434 0.69400001 4284852349
-0.11425005 0.18704434 0.69400001 4284984448
-0.11386895 0.18758336 0.69599998 4285181827
-0.11348377 0.18812241 0.69800001 4285247109
-0.11212513 0.18704434 0.69400001 4285311367
-0.1117379 0.18758336 0.69599998 4286296723
-0.11086804 0.18731385 0.69499999 4288399539
-0.11031721 0.18758336 0.69599998 4289451714
-0.1092919 0.18704434 0.69400001 4289451714
-0.10858359 0.18704434 0.69400001 4288662709
-0.1075644 0.1865053 0.69199997 4286755991
-0.10654929 0.18596627 0.69 4285901964
-0.10569167 0.18569675 0.68900001 4285705350
-0.10498847 0.18569675 0.68900001 4285836934
-0.10428526 0.18569675 0.68900001 4286033800
-0.10373239 0.18596627 0.69 4286428301
-0.10302817 0.18596627 0.69 4286559119
-0.10247224 0.18623579 0.69099998 4286756244
-0.10191426 0.1865053 0.69199997 4286625687
-0.10120799 0.1865053 0.69199997 4286428822
-0.10050173 0.1865053 0.69199997 4286494615
-0.099651255 0.18623579 0.69099998 4286560154
-0.098946005 0.18623579 0.69099998 4286625947
-0.098098591 0.18596627 0.69 4286757533
-0.097535513 0.18623579 0.69099998 4286889637
-0.096690141 0.18596627 0.69 4286758051
-0.096264131 0.1865053 0.69199997 4286560673
-0.095557868 0.1865053 0.69199997 4286363296
-0.094988674 0.18677482 0.69300002 4286231969
-0.094281383 0.18677482 0.69300002 4286166176
-0.093709126 0.18704434 0.69400001 4286034588
-0.092866816 0.18677482 0.69300002 4285969049
-0.092026532 0.1865053 0.69199997 4286034841
-0.091452241 0.18677482 0.69300002 4285640081
-0.090483055 0.18623579 0.69099998 4285245064
-0.090037666 0.18677482 0.69300002 4285310855
-0.089201465 0.1865053 0.69199997 4285771661
-0.088623092 0.18677482 0.69300002 4285771661
-0.12964575 0.18750986 0.69300002 4286757024
-0.12763605 0.18561582 0.68599999 4286757537
-0.12601072 0.18426293 0.68099999 4286231961
-0.1254997 0.18453351 0.68199998 4285969046
-0.12388865 0.18318063 0.67699999 4285903253
-0.12265177 0.1823689 0.67400002 4285968535
-0.12196387 0.1823689 0.67400002 4285902742
-0.12127598 0.1823689 0.67400002 4285771410
-0.12058809 0.1823689 0.67400002 4285705617
-0.11972228 0.18209831 0.67299998 4285705615
-0.11974291 0.18318063 0.67699999 4285706126
-0.11957951 0.18399237 0.68000001 4285771918
-0.11906032 0.18426293 0.68099999 4285903758
-0.1187129 0.1848041 0.68300003 4285772170
-0.1183614 0.18534525 0.685 4285706377
-0.11714697 0.18453351 0.68199998 4285509514
-0.11662167 0.1848041 0.68300003 4285509514
-0.11575484 0.18453351 0.68199998 4285509516
-0.1152275 0.1848041 0.68300003 4285640332
-0.11520116 0.1858864 0.68699998 4285574793
-0.11466667 0.18615699 0.68800002 4285508998
-0.11446141 0.1869687 0.69099998 4285443973
-0.1145793 0.18832159 0.69599998 4285641864
-0.11403256 0.18859218 0.69700003 4285905037
-0.11299602 0.18805102 0.69499999 4285970319
-0.11212513 0.18778044 0.69400001 4285837454
-0.11157736 0.18805102 0.69499999 4286625690
-0.11070851 0.18778044 0.69400001 4288531126
-0.11000021 0.18778044 0.69400001 4289385409
-0.1092919 0.18778044 0.69400001 4289451714
-0.10858359 0.18778044 0.69400001 4288662709
-0.10771985 0.18750986 0.69300002 4286887579
-0.10670371 0.1869687 0.69099998 4286033551
-0.10599846 0.1869687 0.69099998 4285836684
-0.10514084 0.18669814 0.69 4285837452
-0.10443662 0.18669814 0.69 4285968520
-0.10358206 0.18642756 0.68900001 4286100106
-0.10302817 0.18669814 0.69 4286297485
-0.10262053 0.18723927 0.69199997 4286298255
-0.10161972 0.18669814 0.69 4286364307
-0.10106175 0.1869687 0.69099998 4286298516
-0.10021127 0.18669814 0.69 4286166676
-0.099507041 0.18669814 0.69 4286363543
-0.09880282 0.18669814 0.69 4286691483
-0.098098591 0.18669814 0.69 4286691483
-0.097535513 0.1869687 0.69099998 4286625951
-0.096690141 0.18669814 0.69 4286429086
-0.095985912 0.18669814 0.69 4286166428
-0.095419779 0.1869687 0.69099998 4286034588
-0.094988674 0.18750986 0.69300002 4285968797
-0.094281383 0.18750986 0.69300002 4286034590
-0.093709126 0.18778044 0.69400001 4285903772
-0.09313482 0.18805102 0.69499999 4285903770
-0.092159525 0.18750986 0.69300002 4285509267
-0.091452241 0.18750986 0.69300002 4285114505
-0.090613998 0.18723927 0.69199997 4284982403
-0.090037666 0.18750986 0.69300002 4285113988
-0.089072563 0.1869687 0.69099998 4285311367
-0.088623092 0.18750986 0.69300002 4285311367
-0.12927158 0.18770163 0.69099998 4286428057
-0.12726393 0.18580018 0.68400002 4286560156
-0.12582567 0.18471362 0.68000001 4286100375
-0.12476362 0.18417034 0.67799997 4285771667
-0.12352266 0.18335544 0.67500001 4285771667
-0.12265177 0.1830838 0.67400002 4285837460
-0.121421 0.18226889 0.671 4285705874
-0.12073617 0.18226889 0.671 4285639822
-0.12005134 0.18226889 0.671 4285639822
-0.11972228 0.18281215 0.67299998 4285836685
-0.11956603 0.18362707 0.676 4286034063
-0.1192278 0.18417034 0.67799997 4286034833
-0.11906032 0.18498525 0.68099999 4286166417
-0.1187129 0.18552855 0.68300003 4285969038
-0.1183614 0.18607181 0.685 4285772170
-0.11766228 0.18607181 0.685 4285575561
-0.11645091 0.18525688 0.68199998 4285575307
-0.11575484 0.18525688 0.68199998 4285706379
-0.11556491 0.18607181 0.685 4285706379
-0.1146981 0.18580018 0.68400002 4285771657
-0.11433333 0.18634345 0.68599999 4285706118
-0.11446141 0.18770163 0.69099998 4285575044
-0.11392079 0.18797326 0.69199997 4285772937
-0.11337814 0.18824491 0.69300002 4285970829
-0.11267085 0.18824491 0.69300002 4286101905
-0.111802 0.18797326 0.69199997 4285969040
-0.11093519 0.18770163 0.69099998 4286690970
-0.11022994 0.18770163 0.69099998 4288464820
-0.1098417 0.18824491 0.69300002 4289056444
-0.1092919 0.18851654 0.69400001 4289319616
-0.10842713 0.18824491 0.69300002 4288531125
-0.1075644 0.18797326 0.69199997 4286953374
-0.10670371 0.18770163 0.69099998 4286165139
-0.10584507 0.18742999 0.69 4285968271
-0.10498847 0.18715836 0.68900001 4286034833
-0.10443662 0.18742999 0.69 4285903243
-0.10373239 0.18742999 0.69 4285837963
-0.10302817 0.18742999 0.69 4286232719
-0.10247224 0.18770163 0.69099998 4286232719
-0.10161972 0.18742999 0.69 4286233237
-0.10091549 0.18742999 0.69 4286167444
-0.10021127 0.18742999 0.69 4286166676
-0.099362828 0.18715836 0.68900001 4286363543
-0.098516434 0.18688673 0.68800002 4286691483
-0.097956419 0.18715836 0.68900001 4286494104
-0.097253218 0.18715836 0.68900001 4286362777
-0.09655001 0.18715836 0.68900001 4286165914
-0.095846809 0.18715836 0.68900001 4286034329
-0.095143601 0.18715836 0.68900001 4285837209
-0.09471453 0.18770163 0.69099998 4285771418
-0.094281383 0.18824491 0.69300002 4285903004
-0.093574099 0.18824491 0.69300002 4285772186
-0.09313482 0.18878818 0.69499999 4285772184
-0.09229251 0.18851654 0.69400001 4285246093
-0.091716163 0.18878818 0.69499999 4284917126
-0.09074495 0.18824491 0.69300002 4284982402
-0.090167589 0.18851654 0.69400001 4285114242
-0.089201465 0.18797326 0.69199997 4285113731
-0.088623092 0.18824491 0.69300002 4285113731
-0.088042662 0.18851654 0.69400001 4285178754
-0.12838028 0.18816186 0.69 4286033040
-0.12656583 0.18652567 0.68400002 4286033810
-0.12513167 0.18543488 0.68000001 4285771408
-0.12388865 0.18461677 0.67699999 4285574540
-0.12283374 0.18407139 0.67500001 4285508747
-0.121421 0.1829806 0.671 4285377930
-0.12091611 0.18325329 0.67199999 4285508746
-0.12040916 0.18352598 0.67299998 4285508746
-0.12007808 0.18407139 0.67500001 4285574282
-0.11956603 0.18434408 0.676 4285705868
-0.11940366 0.18516219 0.67900002 4285968270
-0.11923514 0.18598026 0.68199998 4285837452
-0.11853909 0.18598026 0.68199998 4285705866
-0.11818861 0.18652567 0.68400002 4285574791
-0.11783405 0.18707106 0.68599999 4285443975
-0.11679241 0.18652567 0.68400002 4285443973
-0.11592458 0.18625298 0.68300003 4285508996
-0.1152275 0.18625298 0.68300003 4285443203
-0.1146981 0.18652567 0.68400002 4285442946
-0.11466667 0.18761647 0.68800002 4285311360
-0.11429577 0.18816186 0.69 4285246079
-0.11342692 0.18788916 0.68900001 4285115007
-0.11337814 0.18897995 0.69300002 4285247106
-0.11283343 0.18925266 0.69400001 4285312387
-0.111802 0.18870725 0.69199997 4285573510
-0.11109573 0.18870725 0.69199997 4286426769
-0.11070851 0.18925266 0.69400001 4288463792
-0.1098417 0.18897995 0.69300002 4289252796
-0.1092919 0.18925266 0.69400001 4288990651
-0.10842713 0.18897995 0.69300002 4288202160
-0.1075644 0.18870725 0.69199997 4286887068
-0.10639488 0.18788916 0.68900001 4286230419
-0.10569167 0.18788916 0.68900001 4286363029
-0.10498847 0.18788916 0.68900001 4286166419
-0.10428526 0.18788916 0.68900001 4285969297
-0.10373239 0.18816186 0.69 4285837965
-0.10302817 0.18816186 0.69 4286035344
-0.10247224 0.18843456 0.69099998 4286232723
-0.10176699 0.18843456 0.69099998 4286495642
-0.10120799 0.18870725 0.69199997 4286627228
-0.10006604 0.18788916 0.68900001 4286495129
-0.099362828 0.18788916 0.68900001 4286429338
-0.098516434 0.18761647 0.68800002 4286560154
-0.097814254 0.18761647 0.68800002 4286494361
-0.096970908 0.18734376 0.68699998 4286362775
-0.096269749 0.18734376 0.68699998 4286099605
-0.095429473 0.18707106 0.68599999 4285967766
-0.094867416 0.18734376 0.68699998 4285836952
-0.094440401 0.18788916 0.68900001 4285639319
-0.094009288 0.18843456 0.69099998 4285574039
-0.093304038 0.18843456 0.69099998 4285509014
-0.093000814 0.18925266 0.69400001 4285443474
-0.092159525 0.18897995 0.69300002 4284917639
-0.091452241 0.18897995 0.69300002 4284851587
-0.09074495 0.18897995 0.69300002 4284916863
-0.090037666 0.18897995 0.69300002 4284850555
-0.089330375 0.18897995 0.69300002 4284915580
-0.088623092 0.18897995 0.69300002 4285177982
-0.088169523 0.18952535 0.69499999 4285243007
-0.088089406 0.19088884 0.69999999 4285505666
-0.1287524 0.18944123 0.69199997 4286163856
-0.12619574 0.18670364 0.68199998 4286099346
-0.12494764 0.18588237 0.67900002 4285770892
-0.12352266 0.18478733 0.67500001 4285508746
-0.12228781 0.18396606 0.67199999 4285311367
-0.12124005 0.18341854 0.67000002 4285246342
-0.12127598 0.18451358 0.67400002 4285377414
-0.12023025 0.18396606 0.67199999 4285443207
-0.12007808 0.18478733 0.67500001 4285574280
-0.11921229 0.18451358 0.67400002 4285705866
-0.11957951 0.18615614 0.68000001 4285902477
-0.11871066 0.18588237 0.67900002 4285968270
-0.11888672 0.18725117 0.68400002 4285640073
-0.1183614 0.18752493 0.685 4285574278
-0.11766228 0.18752493 0.685 4285508998
-0.11679241 0.18725117 0.68400002 4285312387
-0.11643376 0.18779868 0.68599999 4285443458
-0.11539621 0.18725117 0.68400002 4285377665
-0.11486579 0.18752493 0.685 4285377153
-0.11433333 0.18779868 0.68599999 4285377153
-0.11379883 0.18807244 0.68699998 4285114238
-0.1132623 0.18834621 0.68800002 4285048700
-0.11321453 0.18944123 0.69199997 4285049214
-0.11202051 0.18861997 0.68900001 4285180286
-0.11147887 0.18889372 0.69 4285507458
-0.11061411 0.18861997 0.68900001 4286492562
-0.110549 0.189715 0.69300002 4288858037
-0.11000021 0.18998876 0.69400001 4289646784
-0.1092919 0.18998876 0.69400001 4288793272
-0.10858359 0.18998876 0.69400001 4287938988
-0.1075644 0.18944123 0.69199997 4286887327
-0.10639488 0.18861997 0.68900001 4286493591
-0.10569167 0.18861997 0.68900001 4286428568
-0.10498847 0.18861997 0.68900001 4286231957
-0.10428526 0.18861997 0.68900001 4286035090
-0.10358206 0.18861997 0.68900001 4285838481
-0.10302817 0.18889372 0.69 4286100883
-0.10262053 0.18944123 0.69199997 4286298262
-0.10176699 0.18916747 0.69099998 4286626715
-0.10091549 0.18889372 0.69 4286692510
-0.10021127 0.18889372 0.69 4286429338
-0.099507041 0.18889372 0.69 4286297752
-0.098659627 0.18861997 0.68900001 4286428568
-0.097672075 0.18807244 0.68699998 4286362775
-0.097112067 0.18834621 0.68800002 4286166164
-0.09655001 0.18861997 0.68900001 4285837201
-0.095429473 0.18779868 0.68599999 4285705617
-0.095143601 0.18861997 0.68900001 4285573777
-0.094440401 0.18861997 0.68900001 4285310865
-0.09387324 0.18889372 0.69 4285376658
-0.093169011 0.18889372 0.69 4285377426
-0.093000814 0.18998876 0.69400001 4285246093
-0.091893546 0.18916747 0.69099998 4284983173
-0.091320269 0.18944123 0.69199997 4284720000
-0.09074495 0.189715 0.69300002 4284587896
-0.090167589 0.18998876 0.69400001 4284586867
-0.089330375 0.189715 0.69300002 4284980087
-0.088878855 0.19026251 0.69499999 4285241976
-0.12819423 0.18935077 0.68900001 4286295442
-0.1263808 0.18770185 0.68300003 4286165139
-0.12531568 0.18715221 0.68099999 4285441927
-0.12370566 0.18577811 0.676 4285113988
-0.12301572 0.18577811 0.676 4285113988
-0.12178291 0.18495364 0.67299998 4285048963
-0.12145591 0.18550329 0.67500001 4285115010
-0.12005134 0.18440402 0.671 4285246596
-0.11972228 0.18495364 0.67299998 4285509000
-0.11938916 0.18550329 0.67500001 4285640586
-0.11940366 0.18660258 0.67900002 4285771659
-0.11836099 0.18605292 0.67699999 4285771659
-0.11836528 0.18715221 0.68099999 4285770889
-0.11784302 0.18742701 0.68199998 4285574278
-0.11749051 0.18797667 0.68400002 4285508998
-0.11662167 0.18770185 0.68300003 4285508996
-0.11626403 0.18825148 0.685 4285443203
-0.1152275 0.18770185 0.68300003 4285443203
-0.11453042 0.18770185 0.68300003 4285376899
-0.11383334 0.18770185 0.68300003 4285377153
-0.11396448 0.18907595 0.68800002 4285311617
-0.11309767 0.18880112 0.68699998 4285246079
-0.11288732 0.18962558 0.69 4285180286
-0.11234568 0.1899004 0.69099998 4285179774
-0.11196357 0.19045004 0.69300002 4285573253
-0.11125628 0.19045004 0.69300002 4286886550
-0.11102755 0.19127449 0.69599998 4289187002
-0.11031721 0.19127449 0.69599998 4289713093
-0.10913442 0.19045004 0.69300002 4288530613
-0.10858359 0.19072486 0.69400001 4287545000
-0.10771985 0.19045004 0.69300002 4286887327
-0.10685813 0.19017522 0.69199997 4286625690
-0.10584507 0.18962558 0.69 4286362775
-0.10514084 0.18962558 0.69 4286166164
-0.10443662 0.18962558 0.69 4286166676
-0.10358206 0.18935077 0.68900001 4286166676
-0.10287885 0.18935077 0.68900001 4286166676
-0.10232394 0.18962558 0.69 4286298262
-0.10147244 0.18935077 0.68900001 4286626715
-0.10076924 0.18935077 0.68900001 4286626715
-0.10006604 0.18935077 0.68900001 4286297750
-0.099507041 0.18962558 0.69 4286100371
-0.098659627 0.18935077 0.68900001 4286034578
-0.097814254 0.18907595 0.68800002 4285968785
-0.097112067 0.18907595 0.68800002 4285706125
-0.09640988 0.18907595 0.68800002 4285508746
-0.095290363 0.18825148 0.685 4285246345
-0.094867416 0.18880112 0.68699998 4285114505
-0.094166256 0.18880112 0.68699998 4284917130
-0.093737192 0.18935077 0.68900001 4284785544
-0.093169011 0.18962558 0.69 4284785542
-0.092732802 0.19017522 0.69199997 4284653954
-0.091893546 0.1899004 0.69099998 4284785793
-0.091320269 0.19017522 0.69199997 4284587896
-0.090875894 0.19072486 0.69400001 4284389488
-0.090167589 0.19072486 0.69400001 4284453740
-0.08958818 0.19099969 0.69499999 4284978545
-0.1287524 0.19090919 0.69199997 4285966477
-0.12564065 0.18732277 0.67900002 4286033553
-0.12457961 0.18677099 0.67699999 4285310341
-0.12333967 0.18594337 0.67400002 4284982402
-0.12301572 0.18649513 0.676 4284917379
-0.12124005 0.18483984 0.67000002 4285048963
-0.12127598 0.18594337 0.67400002 4285180803
-0.11969352 0.18456396 0.66900003 4285378182
-0.1193665 0.18511572 0.671 4285640586
-0.11868167 0.18511572 0.671 4285772172
-0.1188761 0.18649513 0.676 4285837452
-0.11853582 0.18704687 0.67799997 4285837452
-0.11819147 0.18759865 0.68000001 4285968268
-0.11749745 0.18759865 0.68000001 4285836682
-0.11714697 0.18815039 0.68199998 4285640071
-0.11628016 0.18787453 0.68099999 4285574789
-0.11575484 0.18815039 0.68199998 4285574789
-0.1152275 0.18842629 0.68300003 4285574532
-0.11453042 0.18842629 0.68300003 4285573764
-0.11366666 0.18815039 0.68199998 4285442178
-0.11346754 0.18897805 0.685 4285442692
-0.11243918 0.18842629 0.68300003 4285311617
-0.11256012 0.18980569 0.68800002 4285311617
-0.1121831 0.19035745 0.69 4285442946
-0.11196357 0.19118509 0.69300002 4286099084
-0.11093519 0.19063333 0.69099998 4287610275
-0.110549 0.19118509 0.69300002 4289976519
-0.10968319 0.19090919 0.69199997 4290173644
-0.10897693 0.19090919 0.69199997 4288465079
-0.10842713 0.19118509 0.69300002 4287282086
-0.1075644 0.19090919 0.69199997 4286822304
-0.10670371 0.19063333 0.69099998 4286757022
-0.10599846 0.19063333 0.69099998 4286296982
-0.10544559 0.19090919 0.69199997 4286100371
-0.10473933 0.19090919 0.69199997 4286232469
-0.10388273 0.19063333 0.69099998 4286298262
-0.10302817 0.19035745 0.69 4286232469
-0.10217565 0.19008157 0.68900001 4286363798
-0.10176699 0.19063333 0.69099998 4286495129
-0.10091549 0.19035745 0.69 4286495129
-0.10021127 0.19035745 0.69 4286231957
-0.099507041 0.19035745 0.69 4286100371
-0.09880282 0.19035745 0.69 4286034578
-0.097956419 0.19008157 0.68900001 4285903504
-0.097112067 0.18980569 0.68800002 4285772172
-0.09655001 0.19008157 0.68900001 4285443721
-0.095568582 0.18952979 0.68699998 4285181064
-0.094867416 0.18952979 0.68699998 4284983430
-0.094166256 0.18952979 0.68699998 4284786053
-0.093737192 0.19008157 0.68900001 4284653954
-0.092898965 0.18980569 0.68800002 4284653440
-0.092330784 0.19008157 0.68900001 4284587132
-0.091627575 0.19008157 0.68900001 4284850557
-0.091320269 0.19090919 0.69199997 4284652660
-0.090875894 0.19146097 0.69400001 4284388718
-0.090297505 0.19173685 0.69499999 4284518506
-0.12927158 0.19136624 0.69099998 4283795310
-0.12800817 0.19053543 0.68800002 4284651389
-0.12582567 0.18831991 0.68000001 4285178501
-0.12476362 0.18776602 0.67799997 4284850304
-0.12370566 0.18721214 0.676 4284916609
-0.12319769 0.18748908 0.67699999 4285048965
-0.12160196 0.18610437 0.67199999 4285180549
-0.12091611 0.18610437 0.67199999 4285443975
-0.11951459 0.1849966 0.66799998 4285575561
-0.11954439 0.18610437 0.67199999 4285837963
-0.1185048 0.1855505 0.67000002 4285903756
-0.11870024 0.1869352 0.67500001 4285969038
-0.11836099 0.18748908 0.67699999 4285903245
-0.11801766 0.18804297 0.67900002 4286165647
-0.11732467 0.18804297 0.67900002 4285968268
-0.11663166 0.18804297 0.67900002 4285640071
-0.11593866 0.18804297 0.67900002 4285574278
-0.11558512 0.18859684 0.68099999 4285640071
-0.11489008 0.18859684 0.68099999 4285640071
-0.11453042 0.18915074 0.68300003 4285639303
-0.11383334 0.18915074 0.68300003 4285507971
-0.11313625 0.18915074 0.68300003 4285245313
-0.11227454 0.18887377 0.68199998 4285311360
-0.11256012 0.19053543 0.68800002 4285377153
-0.11202051 0.19081236 0.68900001 4285902729
-0.111802 0.19164318 0.69199997 4286690453
-0.11109573 0.19164318 0.69199997 4288268205
-0.110549 0.19192013 0.69300002 4290700755
-0.1095247 0.19136624 0.69099998 4290700501
-0.10881945 0.19136624 0.69099998 4288334263
-0.10827066 0.19164318 0.69199997 4287019684
-0.1075644 0.19164318 0.69199997 4286953890
-0.10716698 0.19219707 0.69400001 4286888608
-0.10630527 0.19192013 0.69300002 4286428568
-0.10559798 0.19192013 0.69300002 4286231957
-0.10458797 0.19136624 0.69099998 4286298005
-0.10358206 0.19081236 0.68900001 4286298005
-0.10258022 0.19025847 0.68699998 4286363798
-0.10202736 0.19053543 0.68800002 4286428821
-0.10147244 0.19081236 0.68900001 4286494615
-0.10047673 0.19025847 0.68699998 4286494615
-0.10006604 0.19081236 0.68900001 4286297750
-0.099507041 0.1910893 0.69 4286231957
-0.09880282 0.1910893 0.69 4286232212
-0.097814254 0.19053543 0.68800002 4286035090
-0.097253218 0.19081236 0.68900001 4285969551
-0.096690141 0.1910893 0.69 4285641100
-0.0957077 0.19053543 0.68800002 4285181064
-0.095143601 0.19081236 0.68900001 4284851844
-0.094440401 0.19081236 0.68900001 4284719747
-0.09387324 0.1910893 0.69 4284587647
-0.093304038 0.19136624 0.69099998 4284586364
-0.092598796 0.19136624 0.69099998 4284651897
-0.091760561 0.1910893 0.69 4284783224
-0.091056339 0.1910893 0.69 4284716913
-0.091006838 0.19247401 0.69499999 4284715630
-0.090427428 0.19275095 0.69599998 4284648552
-0.12763605 0.19070916 0.68599999 4284388217
-0.12508553 0.18792915 0.676 4284783745
-0.12402756 0.18737315 0.67400002 4284784513
-0.12279067 0.18653914 0.671 4284916610
-0.12246978 0.18709514 0.67299998 4285114758
-0.121421 0.18653914 0.671 4285312135
-0.12091611 0.18681714 0.67199999 4285575561
-0.11969352 0.18598314 0.66900003 4285707147
-0.1193665 0.18653914 0.671 4285903756
-0.1185048 0.18626115 0.67000002 4285903756
-0.11852439 0.18737315 0.67400002 4285903245
-0.11818616 0.18792915 0.676 4285837452
-0.11784384 0.18848515 0.67799997 4286231440
-0.11715186 0.18848515 0.67799997 4285968268
-0.11628812 0.18820715 0.67699999 4285508485
-0.11593866 0.18876316 0.67900002 4285442692
-0.11541539 0.18904115 0.68000001 4285508485
-0.1152275 0.18987517 0.68300003 4285705864
-0.11453042 0.18987517 0.68300003 4285902475
-0.11383334 0.18987517 0.68300003 4285836682
-0.11313625 0.18987517 0.68300003 4285640073
-0.11227454 0.18959716 0.68199998 4285705864
-0.1120693 0.19043116 0.685 4285771657
-0.11169534 0.19098715 0.68699998 4286165901
-0.11164043 0.19209917 0.69099998 4286756246
-0.11077465 0.19182117 0.69 4288202158
-0.11007042 0.19182117 0.69 4290569685
-0.1090492 0.19126518 0.68800002 4290438101
-0.10866197 0.19182117 0.69 4287940018
-0.10795774 0.19182117 0.69 4286757025
-0.10787528 0.19293317 0.69400001 4286822818
-0.10716698 0.19293317 0.69400001 4286889121
-0.10630527 0.19265518 0.69300002 4286560924
-0.10559798 0.19265518 0.69300002 4286495129
-0.10473933 0.19237716 0.69199997 4286298005
-0.10358206 0.19154318 0.68900001 4286232212
-0.10258022 0.19098715 0.68699998 4286494614
-0.10187905 0.19098715 0.68699998 4286363028
-0.10117789 0.19098715 0.68699998 4286363029
-0.10033047 0.19070916 0.68599999 4286363029
-0.099920802 0.19126518 0.68800002 4286231957
-0.099362828 0.19154318 0.68900001 4286232212
-0.098659627 0.19154318 0.68900001 4286298005
-0.097956419 0.19154318 0.68900001 4286166417
-0.097535513 0.19209917 0.69099998 4285903758
-0.096690141 0.19182117 0.69 4285772172
-0.095985912 0.19182117 0.69 4285442953
-0.09528169 0.19182117 0.69 4285179782
-0.094577461 0.19182117 0.69 4284981892
-0.094145335 0.19237716 0.69199997 4284651900
-0.091268733 0.19376719 0.69700003 4285240434
-0.090817206 0.19432318 0.699 4285304687
-0.12908451 0.19255303 0.69 4285374858
-0.12614758 0.18920428 0.67799997 4285309576
-0.12434538 0.18752991 0.67199999 4285375882
-0.12347551 0.18725085 0.671 4285179271
-0.12297367 0.18752991 0.67199999 4285245575
-0.12228781 0.18752991 0.67199999 4285180551
-0.1210591 0.18669273 0.66900003 4285443721
-0.12091611 0.18752991 0.67199999 4285641354
-0.11987243 0.18697178 0.67000002 4285772940
-0.1193665 0.18725085 0.671 4285837963
-0.11868167 0.18725085 0.671 4285837963
-0.11817269 0.18752991 0.67199999 4285771659
-0.11783651 0.18808804 0.67400002 4285771659
-0.11749622 0.18864617 0.676 4286034063
-0.1166335 0.1883671 0.67500001 4285902475
-0.11594458 0.1883671 0.67500001 4285640071
-0.11542641 0.18864617 0.676 4285574278
-0.11456675 0.1883671 0.67500001 4285705866
-0.11455267 0.18948336 0.67900002 4285903245
-0.11402735 0.18976241 0.68000001 4286100626
-0.11366666 0.19032054 0.68199998 4286166417
-0.11313625 0.19059961 0.68300003 4286298003
-0.11243918 0.19059961 0.68300003 4286298001
-0.1120693 0.19115773 0.685 4286231694
-0.11185794 0.19199492 0.68800002 4286296976
-0.11164043 0.1928321 0.69099998 4286164624
-0.11061411 0.19227397 0.68900001 4287281826
-0.10991091 0.19227397 0.68900001 4289846475
-0.10889069 0.19171584 0.68699998 4289780428
-0.10818952 0.19171584 0.68699998 4287479467
-0.10780129 0.19227397 0.68900001 4286362267
-0.10740896 0.1928321 0.69099998 4286559646
-0.10685813 0.19311115 0.69199997 4286691742
-0.10599846 0.1928321 0.69099998 4286626717
-0.10529322 0.1928321 0.69099998 4286758301
-0.10428526 0.19227397 0.68900001 4286560407
-0.10328138 0.19171584 0.68699998 4286363028
-0.1024309 0.19143678 0.68599999 4286494101
-0.10173076 0.19143678 0.68599999 4286362515
-0.10117789 0.19171584 0.68699998 4286362515
-0.10018422 0.19115773 0.685 4286297235
-0.099920802 0.19199492 0.68800002 4286034833
-0.099074401 0.19171584 0.68699998 4286100626
-0.09880282 0.19255303 0.69 4286100883
-0.097814254 0.19199492 0.68800002 4286100624
-0.097253218 0.19227397 0.68900001 4286099854
-0.09640988 0.19199492 0.68800002 4285968270
-0.095985912 0.19255303 0.69 4285639305
-0.09528169 0.19255303 0.69 4285309828
-0.094988674 0.19339022 0.69300002 4285046145
-0.12814911 0.19188428 0.685 4286295960
-0.12577547 0.18936317 0.676 4286033301
-0.12416034 0.18796256 0.671 4285574031
-0.12292345 0.18712218 0.66799998 4285311116
-0.12187569 0.18656194 0.66600001 4285442956
-0.12155991 0.18712218 0.66799998 4285312138
-0.12087814 0.18712218 0.66799998 4285509516
-0.12055624 0.18768243 0.67000002 4285772686
-0.12023025 0.18824267 0.67199999 4285838733
-0.11972228 0.1885228 0.67299998 4285903756
-0.11903541 0.1885228 0.67299998 4285772170
-0.11870024 0.18908305 0.67500001 4285771659
-0.11801133 0.18908305 0.67500001 4285705866
-0.11732242 0.18908305 0.67500001 4285640075
-0.11680628 0.18936317 0.676 4285705868
-0.11611635 0.18936317 0.676 4285771659
-0.11542641 0.18936317 0.676 4285903243
-0.11439703 0.18880293 0.67400002 4285969038
-0.11455267 0.19020355 0.67900002 4286166417
-0.11419504 0.19076379 0.68099999 4286363798
-0.11366666 0.19104391 0.68199998 4286561177
-0.11280496 0.19076379 0.68099999 4286429591
-0.11210992 0.19076379 0.68099999 4286363796
-0.11174209 0.19132404 0.68300003 4286231694
-0.11137018 0.19188428 0.685 4286033804
-0.11131731 0.19300477 0.68900001 4285638280
-0.11029302 0.19244452 0.68699998 4286623896
-0.10927281 0.19188428 0.685 4289320390
-0.10825669 0.19132404 0.68300003 4289451976
-0.10803205 0.19216441 0.68599999 4287019432
-0.1073319 0.19216441 0.68599999 4286033559
-0.10694265 0.19272466 0.68800002 4286165145
-0.10624046 0.19272466 0.68800002 4286428570
-0.10569167 0.19300477 0.68900001 4286626719
-0.10483609 0.19272466 0.68800002 4286889889
-0.10413391 0.19272466 0.68800002 4286626201
-0.10343172 0.19272466 0.68800002 4286494614
-0.10272954 0.19272466 0.68800002 4286428308
-0.10187905 0.19244452 0.68699998 4286362515
-0.10117789 0.19244452 0.68699998 4286428308
-0.10047673 0.19244452 0.68699998 4286297235
-0.10006604 0.19300477 0.68900001 4286099856
-0.099218622 0.19272466 0.68800002 4285969040
-0.09880282 0.1932849 0.69 4285969551
-0.097814254 0.19272466 0.68800002 4286034831
-0.09739437 0.1932849 0.69 4286099343
-0.096690141 0.1932849 0.69 4285901707
-0.096403249 0.19412526 0.69300002 4285243522
-0.095695958 0.19412526 0.69300002 4284782201
-0.12627833 0.18979901 0.67500001 4286691232
-0.12484517 0.18867427 0.671 4286230938
-0.12360522 0.18783072 0.66799998 4285836949
-0.12255542 0.18726835 0.66600001 4285640081
-0.12205868 0.18754953 0.667 4285640335
-0.12192386 0.18839309 0.67000002 4285641103
-0.12087814 0.18783072 0.66799998 4285706895
-0.12019636 0.18783072 0.66799998 4285838479
-0.11987243 0.18839309 0.67000002 4285838479
-0.11954439 0.18895546 0.67199999 4285903758
-0.11885854 0.18895546 0.67199999 4285772172
-0.11870024 0.18979901 0.67500001 4285771659
-0.11818616 0.19008018 0.676 4285705866
-0.11801766 0.19092375 0.67900002 4285705868
-0.11715186 0.19064255 0.67799997 4285771661
-0.11628812 0.19036137 0.67699999 4285969038
-0.11542641 0.19008018 0.676 4286363796
-0.11456675 0.18979901 0.67500001 4286693274
-0.11472137 0.19120492 0.68000001 4286759067
-0.11369197 0.19064255 0.67799997 4286429848
-0.11333334 0.19120492 0.68000001 4285969297
-0.11263932 0.19120492 0.68000001 4285903504
-0.11227454 0.19176729 0.68199998 4285705866
-0.11190569 0.19232966 0.68400002 4285836936
-0.11137018 0.19261084 0.685 4285704839
-0.11147887 0.19401675 0.69 4285506694
-0.11029302 0.1931732 0.68699998 4286690202
-0.10927281 0.19261084 0.685 4288992195
-0.10825669 0.19204848 0.68300003 4289124038
-0.10787456 0.19261084 0.685 4287085738
-0.10701898 0.19232966 0.68400002 4286033559
-0.10663176 0.19289201 0.68599999 4286033559
-0.10593162 0.19289201 0.68599999 4286100375
-0.10523147 0.19289201 0.68599999 4285902996
-0.10437895 0.19261084 0.685 4286363545
-0.10398255 0.1931732 0.68699998 4287020959
-0.10313105 0.19289201 0.68599999 4286955166
-0.10272954 0.1934544 0.68800002 4286625688
-0.10187905 0.1931732 0.68699998 4286559895
-0.10117789 0.1931732 0.68699998 4286428308
-0.10018422 0.19261084 0.685 4286297235
-0.099920802 0.1934544 0.68800002 4286231442
-0.098785974 0.19261084 0.685 4285903247
-0.098373234 0.1931732 0.68699998 4285772172
-0.097529903 0.19289201 0.68599999 4285837452
-0.09739437 0.19401675 0.69 4286033291
-0.096690141 0.19401675 0.69 4285835142
-0.096681468 0.19542268 0.69499999 4285176701
-0.095972136 0.19542268 0.69499999 4284254829
-0.096085221 0.19710977 0.70099998 4283003223
-0.12828393 0.19249067 0.68199998 4286032789
-0.12627833 0.19051495 0.67500001 4286559646
-0.12447306 0.18882149 0.66900003 4286428317
-0.12379027 0.18882149 0.66900003 4286165915
-0.12292345 0.18853924 0.66799998 4285837462
-0.12242468 0.18882149 0.66900003 4285837460
-0.12192386 0.18910374 0.67000002 4285772435
-0.1210591 0.18882149 0.66900003 4285838482
-0.12073617 0.18938598 0.671 4285904274
-0.11987243 0.18910374 0.67000002 4285838479
-0.11954439 0.18966822 0.67199999 4285772172
-0.11885854 0.18966822 0.67199999 4285706379
-0.11852439 0.19023272 0.67400002 4285771659
-0.11818616 0.19079719 0.676 4285837454
-0.11767003 0.19107944 0.67699999 4285771918
-0.11697908 0.19107944 0.67699999 4285903504
-0.11611635 0.19079719 0.676 4286232210
-0.1157679 0.19136168 0.67799997 4286495382
-0.11507593 0.19136168 0.67799997 4286561688
-0.11455267 0.19164394 0.67900002 4286561434
-0.11385967 0.19164394 0.67900002 4286167447
-0.11316667 0.19164394 0.67900002 4285838482
-0.11263932 0.19192618 0.68000001 4285574539
-0.11194529 0.19192618 0.68000001 4285443207
-0.11157848 0.19249067 0.68199998 4285508487
-0.1112076 0.19305515 0.68400002 4285507717
-0.11083262 0.19361964 0.68599999 4285506694
-0.1094903 0.19249067 0.68199998 4286625179
-0.10895377 0.19277292 0.68300003 4288795841
-0.10809818 0.19249067 0.68199998 4289124808
-0.10755961 0.19277292 0.68300003 4287151529
-0.10686253 0.19277292 0.68300003 4286099352
-0.10632089 0.19305515 0.68400002 4285968021
-0.10562278 0.19305515 0.68400002 4285968789
-0.10507808 0.1933374 0.685 4285771410
-0.10453133 0.19361964 0.68599999 4286034580
-0.10413391 0.19418414 0.68800002 4286626201
-0.10313105 0.19361964 0.68599999 4286823580
-0.10272954 0.19418414 0.68800002 4286888860
-0.10202736 0.19418414 0.68800002 4286757274
-0.10132517 0.19418414 0.68800002 4286559894
-0.10047673 0.19390188 0.68699998 4286297235
-0.099920802 0.19418414 0.68800002 4286100626
-0.098930188 0.19361964 0.68599999 4285969040
-0.098373234 0.19390188 0.68699998 4285772172
-0.097814254 0.19418414 0.68800002 4285771659
-0.09739437 0.19474863 0.69 4285902218
-0.096690141 0.19474863 0.69 4285769349
-0.096542358 0.1958776 0.69400001 4285176699
-0.096248321 0.19672434 0.69700003 4284386156
-0.12992559 0.19463056 0.68699998 4285572238
-0.12696724 0.19123091 0.67500001 4286098328
-0.12534294 0.18981439 0.67000002 4286427806
-0.12428699 0.18924777 0.66799998 4286559905
-0.12397531 0.18981439 0.67000002 4286429087
-0.12329149 0.18981439 0.67000002 4286100634
-0.12260768 0.18981439 0.67000002 4286034839
-0.12228781 0.19038099 0.67199999 4285838228
-0.12160196 0.19038099 0.67199999 4285838482
-0.12019636 0.18924777 0.66799998 4285838482
-0.11933568 0.18896447 0.667 4285706895
-0.1193665 0.19009769 0.671 4285640332
-0.11832793 0.18953109 0.66900003 4285640332
-0.11817269 0.19038099 0.67199999 4285771661
-0.11801133 0.19123091 0.67500001 4285968785
-0.11749622 0.19151421 0.676 4286100884
-0.1166335 0.19123091 0.67500001 4286298262
-0.11628812 0.19179751 0.67699999 4286495382
-0.11508492 0.19094761 0.67400002 4286495382
-0.11507593 0.19208081 0.67799997 4286298262
-0.11421525 0.19179751 0.67699999 4286100883
-0.11318891 0.19123091 0.67500001 4285838482
-0.11283333 0.19179751 0.67699999 4285575567
-0.11230802 0.19208081 0.67799997 4285509516
-0.11210992 0.19293074 0.68099999 4285443207
-0.11190569 0.19378066 0.68400002 4285376901
-0.1112076 0.19378066 0.68400002 4285310338
-0.11083262 0.19434726 0.68599999 4285506694
-0.10965085 0.19349736 0.68300003 4286625179
-0.10879424 0.19321404 0.68199998 4288795841
-0.10793968 0.19293074 0.68099999 4289256907
-0.10740212 0.19321404 0.68199998 4287151529
-0.10608022 0.19208081 0.67799997 4286230938
-0.10585456 0.19293074 0.68099999 4286099607
-0.10515952 0.19293074 0.68099999 4286231191
-0.10492468 0.19378066 0.68400002 4285902996
-0.1040742 0.19349736 0.68300003 4285837201
-0.10383119 0.19434726 0.68599999 4285968785
-0.10313105 0.19434726 0.68599999 4286297750
-0.10287885 0.19519718 0.68900001 4286889373
-0.10187905 0.19463056 0.68699998 4286757787
-0.10147244 0.19519718 0.68900001 4286560407
-0.10076924 0.19519718 0.68900001 4286297235
-0.10006604 0.19519718 0.68900001 4286100624
-0.099074401 0.19463056 0.68699998 4286100624
-0.098230049 0.19434726 0.68599999 4285969551
-0.097672075 0.19463056 0.68699998 4285837965
-0.097112067 0.19491388 0.68800002 4285902729
-0.096830271 0.19576378 0.69099998 4285639044
-0.096542358 0.1966137 0.69400001 4285506945
-0.12954736 0.19479051 0.685 4286362267
-0.12715533 0.19223122 0.676 4286427806
-0.12534294 0.19052504 0.67000002 4286362526
-0.12410094 0.18967193 0.667 4286429089
-0.12416034 0.1908094 0.671 4286494882
-0.12310748 0.19024068 0.66900003 4286100635
-0.12260768 0.19052504 0.67000002 4286034841
-0.12265177 0.19166251 0.67400002 4285838230
-0.1210591 0.19024068 0.66900003 4285772435
-0.12073617 0.1908094 0.671 4285706642
-0.11951459 0.18995629 0.66799998 4285641103
-0.11954439 0.19109376 0.67199999 4285706126
-0.11868167 0.1908094 0.671 4285771919
-0.11852439 0.19166251 0.67400002 4286034578
-0.11783651 0.19166251 0.67400002 4286166677
-0.11767003 0.19251558 0.67699999 4286232470
-0.1166335 0.19194686 0.67500001 4286298263
-0.11594458 0.19194686 0.67500001 4286363798
-0.11542641 0.19223122 0.676 4286232210
-0.11507593 0.19279996 0.67799997 4286034833
-0.11421525 0.19251558 0.67699999 4285837711
-0.11385967 0.19308433 0.67900002 4285575310
-0.113 0.19279996 0.67799997 4285443981
-0.11247367 0.19308433 0.67900002 4285641102
-0.1126038 0.19450615 0.68400002 4285574793
-0.11157848 0.19393742 0.68199998 4285573510
-0.11104501 0.19422179 0.68300003 4285507460
-0.11034793 0.19422179 0.68300003 4285901452
-0.10932976 0.19365305 0.68099999 4286756765
-0.1084752 0.19336869 0.68000001 4288270010
-0.10793968 0.19365305 0.68099999 4288730561
-0.10755961 0.19422179 0.68300003 4287283369
-0.10639314 0.19336869 0.68000001 4286625439
-0.10569912 0.19336869 0.68000001 4286296986
-0.10515952 0.19365305 0.68099999 4286231191
-0.10507808 0.19479051 0.685 4285968787
-0.10453133 0.19507489 0.68599999 4285837201
-0.10428526 0.19592798 0.68900001 4285705613
-0.10358206 0.19592798 0.68900001 4285902992
-0.10317748 0.19649671 0.69099998 4286691994
-0.10232394 0.19621235 0.69 4286823580
-0.10176699 0.19649671 0.69099998 4286691993
-0.10091549 0.19621235 0.69 4286428821
-0.10006604 0.19592798 0.68900001 4286100626
-0.099218622 0.19564362 0.68800002 4286100624
-0.098230049 0.19507489 0.68599999 4286035344
-0.097814254 0.19564362 0.68800002 4285903756
-0.097112067 0.19564362 0.68800002 4285772170
-0.096830271 0.19649671 0.69099998 4285574532
-0.096264131 0.19678107 0.69199997 4285836421
-0.095419779 0.19649671 0.69099998 4286164359
-0.12765616 0.19266282 0.67500001 4287085736
-0.12602675 0.19123569 0.67000002 4286888359
-0.12459461 0.19009398 0.66600001 4286625700
-0.12372883 0.18980856 0.66500002 4286560421
-0.12379027 0.19095026 0.66900003 4286494882
-0.12310748 0.19095026 0.66900003 4286100635
-0.12224168 0.19066483 0.66799998 4285903255
-0.12174189 0.19095026 0.66900003 4285838230
-0.12069719 0.1903794 0.667 4285706642
-0.12019636 0.19066483 0.66799998 4285640849
-0.11933568 0.1903794 0.667 4285640849
-0.1193665 0.19152111 0.671 4285969300
-0.1185048 0.19123569 0.67000002 4286166679
-0.11799683 0.19152111 0.671 4286429338
-0.11748683 0.19180652 0.67199999 4286429851
-0.11732242 0.19266282 0.67500001 4286100884
-0.1166335 0.19266282 0.67500001 4286035091
-0.11594458 0.19266282 0.67500001 4285969040
-0.11474342 0.19180652 0.67199999 4285903247
-0.11439703 0.19237739 0.67400002 4285903247
-0.11404654 0.19294824 0.676 4285837711
-0.11335661 0.19294824 0.676 4285706896
-0.113 0.19351909 0.67799997 4285575567
-0.11230802 0.19351909 0.67799997 4285443723
-0.11227454 0.1946608 0.68199998 4285574280
-0.11174209 0.19494623 0.68300003 4285770632
-0.11169534 0.19608793 0.68699998 4285967498
-0.11050949 0.19523166 0.68400002 4286691223
-0.10965085 0.19494623 0.68300003 4287019935
-0.10879424 0.1946608 0.68199998 4287414955
-0.10778118 0.19408995 0.68000001 4287414701
-0.10724464 0.19437537 0.68099999 4287414955
-0.10639314 0.19408995 0.68000001 4286888611
-0.10585456 0.19437537 0.68099999 4286362779
-0.10515952 0.19437537 0.68099999 4286033812
-0.10477129 0.19494623 0.68300003 4285837201
-0.10422658 0.19523166 0.68400002 4285902992
-0.10398255 0.19608793 0.68699998 4285771406
-0.10328138 0.19608793 0.68699998 4285837199
-0.10287885 0.19665879 0.68900001 4286363543
-0.10232394 0.19694421 0.69 4286626715
-0.10161972 0.19694421 0.69 4286889373
-0.10106175 0.19722962 0.69099998 4286560407
-0.10021127 0.19694421 0.69 4286166419
-0.099507041 0.19694421 0.69 4286034833
-0.098373234 0.19608793 0.68699998 4285903758
-0.097814254 0.19637336 0.68800002 4285837963
-0.097112067 0.19637336 0.68800002 4285575561
-0.09640988 0.19637336 0.68800002 4285509766
-0.095846809 0.19665879 0.68900001 4285706117
-0.095143601 0.19665879 0.68900001 4285902469
-0.094440401 0.19665879 0.68900001 4285769600
-0.093601145 0.19637336 0.68800002 4286097538
-0.093033984 0.19665879 0.68900001 4286753415
-0.092598796 0.19722962 0.69099998 4286750592
-0.1298662 0.19567066 0.68300003 4286690465
-0.12822351 0.19423822 0.67799997 4287151529
-0.12602675 0.19194633 0.67000002 4287086251
-0.12459461 0.19080038 0.66600001 4286888872
-0.12410094 0.19108687 0.667 4286757800
-0.12360522 0.19137335 0.66799998 4286494628
-0.12255542 0.19080038 0.66600001 4286100381
-0.12150969 0.1902274 0.66399997 4285837463
-0.12119596 0.19080038 0.66600001 4285772439
-0.12033527 0.19051389 0.66500002 4285640851
-0.1198365 0.19080038 0.66600001 4285640851
-0.11933568 0.19108687 0.667 4285772435
-0.11918861 0.19194633 0.67000002 4286166679
-0.11832793 0.19165985 0.66900003 4286429851
-0.11799683 0.19223282 0.671 4286560926
-0.11748683 0.19251931 0.67199999 4286495133
-0.11749622 0.19366525 0.676 4286100886
-0.11611512 0.19251931 0.67199999 4285903505
-0.1152575 0.19223282 0.671 4285902477
-0.11457267 0.19223282 0.671 4285902477
-0.11439703 0.19309229 0.67400002 4285968270
-0.11354041 0.19280578 0.67299998 4285903504
-0.11318891 0.19337876 0.67500001 4285772435
-0.11283333 0.19395174 0.67699999 4285641103
-0.11247367 0.19452472 0.67900002 4285574540
-0.11194529 0.19481121 0.68000001 4285574280
-0.11108767 0.19452472 0.67900002 4285770632
-0.11104501 0.19567066 0.68300003 4286164877
-0.1100248 0.19509768 0.68099999 4287348383
-0.10932976 0.19509768 0.68099999 4287283107
-0.10879424 0.19538417 0.68199998 4286822818
-0.10809818 0.19538417 0.68199998 4286493853
-0.10771709 0.19595715 0.68400002 4287085477
-0.1065496 0.19509768 0.68099999 4286888097
-0.10601 0.19538417 0.68199998 4286691229
-0.10515952 0.19509768 0.68099999 4286362775
-0.10461788 0.19538417 0.68199998 4286100373
-0.10392182 0.19538417 0.68199998 4286166164
-0.10322576 0.19538417 0.68199998 4285902992
-0.10283037 0.19595715 0.68400002 4285771406
-0.1024309 0.19653012 0.68599999 4286034578
-0.10202736 0.1971031 0.68800002 4286363543
-0.10161972 0.19767608 0.69 4286691994
-0.10106175 0.19796255 0.69099998 4286560408
-0.10006604 0.19738959 0.68900001 4286232212
-0.099362828 0.19738959 0.68900001 4286034833
-0.098373234 0.19681661 0.68699998 4285903758
-0.097672075 0.19681661 0.68699998 4285837965
-0.096970908 0.19681661 0.68699998 4285575561
-0.09640988 0.1971031 0.68800002 4285575559
-0.0957077 0.1971031 0.68800002 4285574789
-0.094867416 0.19681661 0.68699998 4285574532
-0.094303332 0.1971031 0.68800002 4285573249
-0.093601145 0.1971031 0.68800002 4285770370
-0.092898965 0.1971031 0.68800002 4286294662
-0.092330784 0.19738959 0.68900001 4286423681
-0.12910564 0.19524491 0.67900002 4286360732
-0.12689967 0.19294453 0.671 4286756773
-0.12546244 0.19179434 0.667 4286823079
-0.12440754 0.19121924 0.66500002 4286823079
-0.12372883 0.19121924 0.66500002 4286692007
-0.12323515 0.19150679 0.66600001 4286428835
-0.12200337 0.19064415 0.66299999 4286231967
-0.12077771 0.18978152 0.66000003 4285903256
-0.12028608 0.19006905 0.66100001 4285838232
-0.11979241 0.1903566 0.662 4285706644
-0.11929669 0.19064415 0.66299999 4285837460
-0.11933568 0.19179434 0.667 4286034839
-0.11901072 0.19236945 0.66900003 4286363804
-0.11868167 0.19294453 0.671 4286495390
-0.11817269 0.19323207 0.67199999 4286494879
-0.11801133 0.19409472 0.67500001 4286363547
-0.11714861 0.19380718 0.67400002 4286035093
-0.11611512 0.19323207 0.67199999 4285969298
-0.11508574 0.19265698 0.67000002 4285968270
-0.11457267 0.19294453 0.671 4285902477
-0.11371811 0.19265698 0.67000002 4285968270
-0.11286559 0.19236945 0.66900003 4285903247
-0.11251817 0.19294453 0.671 4285837714
-0.11216667 0.19351962 0.67299998 4285575310
-0.11164545 0.19380718 0.67400002 4285640333
-0.11112217 0.19409472 0.67500001 4285574280
-0.11108767 0.19524491 0.67900002 4285770119
-0.11071984 0.19582 0.68099999 4286361486
-0.1100248 0.19582 0.68099999 4287677348
-0.10932976 0.19582 0.68099999 4287480484
-0.10831568 0.19524491 0.67900002 4286559645
-0.10762268 0.19524491 0.67900002 4286099095
-0.10708717 0.19553246 0.68000001 4286361754
-0.10623668 0.19524491 0.67900002 4286559132
-0.10585456 0.19582 0.68099999 4286954401
-0.10515952 0.19582 0.68099999 4286954912
-0.10431109 0.19553246 0.68000001 4286429338
-0.10346469 0.19524491 0.67900002 4286231957
-0.10277169 0.19524491 0.67900002 4285837712
-0.10268004 0.19639511 0.68300003 4285771919
-0.10213228 0.19668265 0.68400002 4285771919
-0.10187905 0.19754529 0.68699998 4285837712
-0.10117789 0.19754529 0.68699998 4286100371
-0.10062299 0.19783284 0.68800002 4286231957
-0.099630333 0.19725774 0.68599999 4286298005
-0.099074401 0.19754529 0.68699998 4286232212
-0.097943664 0.19668265 0.68400002 4286100624
-0.097245559 0.19668265 0.68400002 4285903758
-0.096547462 0.19668265 0.68400002 4285509514
-0.095989488 0.19697019 0.685 4285509514
-0.095568582 0.19754529 0.68699998 4285311621
-0.095005512 0.19783284 0.68800002 4285376899
-0.094303332 0.19783284 0.68800002 4285442692
-0.09387324 0.19840793 0.69 4285573762
-0.093439065 0.19898303 0.69199997 4285638531
-0.092732802 0.19898303 0.69199997 4285964929
-0.12602675 0.19336763 0.67000002 4286428321
-0.12478169 0.1925018 0.667 4286429089
-0.12372883 0.19192459 0.66500002 4286429089
-0.12305012 0.19192459 0.66500002 4286363296
-0.12163533 0.19077015 0.66100001 4286297760
-0.12077771 0.19048156 0.66000003 4285969049
-0.12028608 0.19077015 0.66100001 4286034841
-0.11979241 0.19105875 0.662 4285969048
-0.11911676 0.19105875 0.662 4286034839
-0.11879893 0.19163597 0.66399997 4286232218
-0.11847704 0.19221319 0.66600001 4286429597
-0.1185048 0.19336763 0.67000002 4286495390
-0.11799683 0.19365624 0.671 4286363293
-0.11766166 0.19423345 0.67299998 4286166168
-0.11714861 0.19452207 0.67400002 4285968787
-0.11646071 0.19452207 0.67400002 4285968785
-0.1152575 0.19365624 0.671 4286034063
-0.11457267 0.19365624 0.671 4285968270
-0.11371811 0.19336763 0.67000002 4286034063
-0.11286559 0.19307902 0.66900003 4285903247
-0.11235048 0.19336763 0.67000002 4285837712
-0.11183333 0.19365624 0.671 4285641103
-0.11131415 0.19394484 0.67199999 4285508747
-0.11112217 0.19481067 0.67500001 4285508489
-0.11059686 0.19509928 0.676 4285704585
-0.11023208 0.19567649 0.67799997 4286362258
-0.1095401 0.19567649 0.67799997 4287940520
-0.10932976 0.19654232 0.68099999 4287612072
-0.10815615 0.19567649 0.67799997 4286362264
-0.10746417 0.19567649 0.67799997 4285770129
-0.10708717 0.19625372 0.68000001 4285901202
-0.10670606 0.19683093 0.68199998 4286230421
-0.10601 0.19683093 0.68199998 4287020194
-0.10515952 0.19654232 0.68099999 4287086498
-0.10431109 0.19625372 0.68000001 4286560154
-0.10331231 0.19567649 0.67799997 4286100371
-0.10262033 0.19567649 0.67799997 4285968785
-0.10222903 0.19625372 0.68000001 4286035091
-0.10168432 0.19654232 0.68099999 4285837712
-0.10158247 0.19769676 0.685 4285706126
-0.10103062 0.19798537 0.68599999 4285837199
-0.10033047 0.19798537 0.68599999 4286100626
-0.099339865 0.19740815 0.68400002 4286363798
-0.098497555 0.19711955 0.68300003 4286298262
-0.097370893 0.19625372 0.68000001 4286100624
-0.096961215 0.19683093 0.68199998 4285837965
-0.096688613 0.19769676 0.685 4285574539
-0.095989488 0.19769676 0.685 4285706125
-0.095429473 0.19798537 0.68599999 4285376901
-0.095143601 0.1988512 0.68900001 4285245315
-0.094577461 0.19913979 0.69 4285376901
-0.09387324 0.19913979 0.69 4285311108
-0.093169011 0.19913979 0.69 4285573510
-0.092866816 0.20000562 0.69300002 4286097801
-0.12459461 0.1929196 0.66600001 4285771157
-0.12410094 0.19320928 0.667 4286034329
-0.12305012 0.19262993 0.66500002 4286100635
-0.12145132 0.1911816 0.66000003 4286100635
-0.12096071 0.19147126 0.66100001 4286100634
-0.11992212 0.19089191 0.65899998 4286166427
-0.11961146 0.19147126 0.66100001 4286231707
-0.11857695 0.19089191 0.65899998 4286231961
-0.11844111 0.19176093 0.662 4286231961
-0.11794335 0.19205059 0.66299999 4286297754
-0.11815105 0.19349894 0.66799998 4286363547
-0.11729342 0.19320928 0.667 4286298011
-0.11731201 0.19436795 0.671 4286297754
-0.11645336 0.19407828 0.67000002 4286166166
-0.11594234 0.19436795 0.671 4285968785
-0.11491397 0.19378862 0.66900003 4285903247
-0.11440192 0.19407828 0.67000002 4285903504
-0.11337864 0.19349894 0.66799998 4285903504
-0.11252817 0.19320928 0.667 4285771918
-0.11167973 0.1929196 0.66600001 4285706125
-0.11116666 0.19320928 0.667 4285706126
-0.11065156 0.19349894 0.66799998 4285508234
-0.11062829 0.19465761 0.67199999 4285639822
-0.11043325 0.19552663 0.67500001 4285704588
-0.1100695 0.19610596 0.67699999 4286362518
-0.10921698 0.19581629 0.676 4287743658
-0.10868759 0.19610596 0.67699999 4287678378
-0.10799663 0.19610596 0.67699999 4286559643
-0.10730568 0.19610596 0.67699999 4285967506
-0.10692968 0.1966853 0.67900002 4285901713
-0.1065496 0.19726464 0.68099999 4286099346
-0.10616545 0.19784398 0.68300003 4286560154
-0.10515952 0.19726464 0.68099999 4286757533
-0.10431109 0.19697496 0.68000001 4286428568
-0.10331231 0.19639562 0.67799997 4286166166
-0.10231762 0.19581629 0.676 4286166166
-0.10192835 0.19639562 0.67799997 4286034580
-0.10123637 0.19639562 0.67799997 4285771919
-0.1006927 0.1966853 0.67900002 4285837712
-0.10029424 0.19726464 0.68099999 4285837711
-0.099599205 0.19726464 0.68099999 4285903504
-0.099049397 0.19755431 0.68199998 4285969297
-0.098353334 0.19755431 0.68199998 4285904272
-0.097514085 0.19726464 0.68099999 4286035344
-0.096676871 0.19697496 0.68000001 4285969551
-0.096406311 0.19784398 0.68300003 4285772172
-0.095849358 0.19813365 0.68400002 4285640586
-0.095429473 0.19871297 0.68599999 4285508489
-0.095005512 0.19929233 0.68800002 4285376903
-0.09471453 0.20016132 0.69099998 4285311110
-0.094009288 0.20016132 0.69099998 4285376903
-0.093439065 0.20045099 0.69199997 4285508489
-0.092732802 0.20045099 0.69199997 4285901707
-0.092425495 0.20132001 0.69499999 4286819216
-0.12372883 0.19333528 0.66500002 4285837462
-0.12268003 0.19275382 0.66299999 4285969048
-0.12200337 0.19275382 0.66299999 4285969048
-0.12114371 0.19246309 0.662 4286100634
-0.12046806 0.19246309 0.662 4286231707
-0.12015431 0.19304454 0.66399997 4286231707
-0.11875689 0.19188164 0.66000003 4286231961
-0.1182622 0.19217236 0.66100001 4286231961
-0.11758757 0.19217236 0.66100001 4286297754
-0.11762044 0.19333528 0.66500002 4286363547
-0.11711758 0.19362602 0.66600001 4286232218
-0.11696234 0.19449821 0.66900003 4286166679
-0.11645336 0.19478893 0.67000002 4286165650
-0.11594234 0.19507965 0.671 4285968785
-0.11508574 0.19478893 0.67000002 4285903247
-0.11440192 0.19478893 0.67000002 4285903504
-0.11320892 0.19391674 0.667 4285706895
-0.11235946 0.19362602 0.66600001 4285641102
-0.11134435 0.19304454 0.66399997 4285706125
-0.11116666 0.19391674 0.667 4285771918
-0.11098286 0.19478893 0.67000002 4285771408
-0.11079291 0.19566111 0.67299998 4285968787
-0.11043325 0.19624259 0.67500001 4285967506
-0.11039468 0.1974055 0.67900002 4286559643
-0.10937855 0.19682403 0.67699999 4287743917
-0.10884812 0.19711475 0.67799997 4287678124
-0.10815615 0.19711475 0.67799997 4286625690
-0.10762268 0.1974055 0.67900002 4286099346
-0.10692968 0.1974055 0.67900002 4285968017
-0.10670606 0.19827768 0.68199998 4286033810
-0.10601 0.19827768 0.68199998 4286231189
-0.10531394 0.19827768 0.68199998 4286560154
-0.10431109 0.19769622 0.68000001 4286625947
-0.10331231 0.19711475 0.67799997 4286560154
-0.10231762 0.19653331 0.676 4286231959
-0.10162768 0.19653331 0.676 4285902994
-0.10123637 0.19711475 0.67799997 4285969298
-0.10054439 0.19711475 0.67799997 4285903505
-0.10029424 0.19798695 0.68099999 4285771918
-0.099745452 0.19827768 0.68199998 4285706125
-0.098904163 0.19798695 0.68099999 4285575307
-0.097920701 0.1974055 0.67900002 4285706893
-0.097370893 0.19769622 0.68000001 4285838479
-0.096676871 0.19769622 0.68000001 4285969551
-0.096265152 0.19827768 0.68199998 4285969551
-0.095709227 0.19856842 0.68300003 4285837965
-0.095429473 0.1994406 0.68599999 4285705868
-0.095005512 0.20002207 0.68800002 4285574282
-0.094303332 0.20002207 0.68800002 4285574027
-0.09387324 0.20060351 0.69 4285639820
-0.093439065 0.20118497 0.69199997 4285640333
-0.092330784 0.20031279 0.68900001 4285902478
-0.091760561 0.20060351 0.69 4286360206
-0.12410094 0.1946242 0.667 4285903255
-0.12286507 0.19374883 0.66399997 4286034841
-0.12181935 0.19316526 0.662 4285903255
-0.12114371 0.19316526 0.662 4286034841
-0.12065003 0.19345704 0.66299999 4286166168
-0.11997336 0.19345704 0.66299999 4286231961
-0.11857695 0.19228987 0.65899998 4286231961
-0.11862002 0.19345704 0.66299999 4286231961
-0.11758757 0.19287346 0.66100001 4286297752
-0.11762044 0.19404063 0.66500002 4286297752
-0.11711758 0.19433242 0.66600001 4286166679
-0.11678751 0.194916 0.66799998 4286100886
-0.11627955 0.19520779 0.66900003 4286165650
-0.11576955 0.19549958 0.67000002 4285968785
-0.11491397 0.19520779 0.66900003 4285903247
-0.11423118 0.19520779 0.66900003 4285837711
-0.11320892 0.1946242 0.667 4285641102
-0.11235946 0.19433242 0.66600001 4285509516
-0.11151205 0.19404063 0.66500002 4285574539
-0.1115 0.19520779 0.66900003 4285706125
-0.11081721 0.19520779 0.66900003 4286166166
-0.11112217 0.19695853 0.67500001 4286297752
-0.11092407 0.1978339 0.67799997 4286362264
-0.11023208 0.1978339 0.67799997 4286822815
-0.10905542 0.19695853 0.67500001 4287809710
-0.10884812 0.1978339 0.67799997 4287743917
-0.10783711 0.19725032 0.676 4286757276
-0.10730568 0.1975421 0.67699999 4286296725
-0.10692968 0.19812569 0.67900002 4286034064
-0.1065496 0.19870926 0.68099999 4285902478
-0.10569912 0.19841748 0.68000001 4285902478
-0.10500511 0.19841748 0.68000001 4286297236
-0.10446448 0.19870926 0.68099999 4286692510
-0.10331231 0.1978339 0.67799997 4286824096
-0.10246897 0.1975421 0.67699999 4286429336
-0.10162768 0.19725032 0.676 4286100371
-0.10108706 0.1975421 0.67699999 4286100371
-0.10054439 0.1978339 0.67799997 4285968785
-0.10014697 0.19841748 0.68000001 4285706125
-0.09945295 0.19841748 0.68000001 4285574539
-0.099194638 0.19929285 0.68300003 4285574539
-0.09820912 0.19870926 0.68099999 4285706125
-0.097370893 0.19841748 0.68000001 4285969551
-0.096819043 0.19870926 0.68099999 4286166930
-0.096406311 0.19929285 0.68300003 4286363798
-0.095569097 0.19900106 0.68199998 4286232212
-0.095290363 0.19987643 0.685 4285969298
-0.094591245 0.19987643 0.685 4285706896
-0.094166256 0.20046 0.68699998 4285640849
-0.093737192 0.20104359 0.68900001 4285640849
-0.093169011 0.20133539 0.69 4285640849
-0.092196777 0.20075181 0.68800002 4285837199
-0.091760561 0.20133539 0.69 4286296210
-0.09079241 0.20075181 0.68800002 4286950290
-0.12268003 0.19416027 0.66299999 4286100634
-0.12181935 0.19386742 0.662 4285969048
-0.12114371 0.19386742 0.662 4286166427
-0.12046806 0.19386742 0.662 4286166168
-0.1194305 0.19328173 0.66000003 4286231961
-0.11893683 0.19357456 0.66100001 4286231961
-0.11790437 0.19298886 0.65899998 4286297754
-0.11740968 0.19328173 0.66000003 4286297752
-0.11708982 0.19386742 0.662 4286297752
-0.11694173 0.19474597 0.66500002 4286166679
-0.11661267 0.19533168 0.667 4286100373
-0.11645336 0.19621024 0.67000002 4286099857
-0.11611512 0.19679593 0.67199999 4286034064
-0.11560104 0.19708878 0.67299998 4285903247
-0.11457267 0.19650307 0.671 4285771918
-0.11354838 0.19591738 0.66900003 4285771918
-0.11252817 0.19533168 0.667 4285575309
-0.11201511 0.19562452 0.66799998 4285771918
-0.112 0.19679593 0.67199999 4285837711
-0.11131415 0.19679593 0.67199999 4286297752
-0.11161604 0.19855303 0.67799997 4286428568
-0.11108767 0.19884589 0.67900002 4286362264
-0.11055726 0.19913873 0.68000001 4286822815
-0.10937855 0.19826017 0.67699999 4287809710
-0.10900868 0.19884589 0.67900002 4287743917
-0.10815615 0.19855303 0.67799997 4286823069
-0.10746417 0.19855303 0.67799997 4286296725
-0.10677219 0.19855303 0.67799997 4286099857
-0.1065496 0.19943158 0.68099999 4285968271
-0.10585456 0.19943158 0.68099999 4285770892
-0.10515952 0.19943158 0.68099999 4286099857
-0.10415769 0.19884589 0.67900002 4286758303
-0.10315993 0.19826017 0.67699999 4286955682
-0.10231762 0.19796734 0.676 4286626715
-0.10147735 0.19767448 0.67500001 4286363543
-0.10093774 0.19796734 0.676 4286100371
-0.1003961 0.19826017 0.67699999 4285968785
-0.10014697 0.19913873 0.68000001 4285706125
-0.09945295 0.19913873 0.68000001 4285574539
-0.098904163 0.19943158 0.68099999 4285574539
-0.097920701 0.19884589 0.67900002 4285640332
-0.0972277 0.19884589 0.67900002 4285903758
-0.096534707 0.19884589 0.67900002 4286166417
-0.096124001 0.19943158 0.68099999 4286428821
-0.095569097 0.19972444 0.68199998 4286232212
-0.094733924 0.19943158 0.68099999 4286166677
-0.094315067 0.2000173 0.68300003 4285970068
-0.093755051 0.20031014 0.68400002 4285838741
-0.093056954 0.20031014 0.68400002 4285772948
-0.09235885 0.20031014 0.68400002 4285903507
-0.091794752 0.20060299 0.685 4285902994
-0.091361605 0.20118868 0.68699998 4286099857
-0.090264544 0.20031014 0.68400002 4286754964
-0.12268003 0.19486348 0.66299999 4286100635
-0.12200337 0.19486348 0.66299999 4286034841
-0.12096071 0.19427568 0.66100001 4286232220
-0.1201041 0.19398177 0.66000003 4286166168
-0.11961146 0.19427568 0.66100001 4286297754
-0.11857695 0.19368784 0.65899998 4286297752
-0.11772545 0.19339393 0.65799999 4286363545
-0.11740968 0.19398177 0.66000003 4286363545
-0.11744355 0.19515739 0.66399997 4286297752
-0.11694173 0.19545132 0.66500002 4286231959
-0.11678751 0.19633305 0.66799998 4286100373
-0.11662717 0.19721478 0.671 4285968271
-0.11594234 0.19721478 0.671 4285968271
-0.11560104 0.1978026 0.67299998 4285837454
-0.11440192 0.19692087 0.67000002 4285903504
-0.11354838 0.19662698 0.66900003 4285969297
-0.11269687 0.19633305 0.66799998 4286035090
-0.11167973 0.19574523 0.66600001 4286100883
-0.1115 0.19662698 0.66900003 4286166676
-0.11164545 0.19809653 0.67400002 4286034580
-0.11145142 0.19897825 0.67699999 4286099603
-0.11076046 0.19897825 0.67699999 4286099346
-0.11023208 0.19927216 0.67799997 4286625690
-0.10905542 0.19839044 0.67500001 4287612585
-0.10820597 0.19809653 0.67400002 4287612585
-0.10751807 0.19809653 0.67400002 4286757276
-0.10714717 0.19868435 0.676 4286165139
-0.10614228 0.19809653 0.67400002 4286165650
-0.10592376 0.19897825 0.67699999 4285903247
-0.10538824 0.19927216 0.67799997 4285705868
-0.10500511 0.19985999 0.68000001 4285837454
-0.10415769 0.19956608 0.67900002 4286495129
-0.10315993 0.19897825 0.67699999 4286692508
-0.10231762 0.19868435 0.676 4286495129
-0.10132701 0.19809653 0.67400002 4286429336
-0.10078843 0.19839044 0.67500001 4286231957
-0.10009951 0.19839044 0.67500001 4286100371
-0.099705145 0.19897825 0.67699999 4285969040
-0.099306695 0.19956608 0.67900002 4285837454
-0.098613702 0.19956608 0.67900002 4285705868
-0.098064914 0.19985999 0.68000001 4285640075
-0.097514085 0.2001539 0.68099999 4285705868
-0.096961215 0.20044781 0.68199998 4285837454
-0.096265152 0.20044781 0.68199998 4286034063
-0.095428966 0.2001539 0.68099999 4286034833
-0.094594814 0.19985999 0.68000001 4286166677
-0.0939008 0.19985999 0.68000001 4286101654
-0.093343846 0.2001539 0.68099999 4285970327
-0.092784852 0.20044781 0.68199998 4285969814
-0.092223823 0.20074174 0.68300003 4286034580
-0.091794752 0.20132954 0.685 4286165396
-0.091228619 0.20162345 0.68599999 4285968787
-0.090132579 0.20074174 0.68300003 4286296212
-0.089566447 0.20103565 0.68400002 4286753940
-0.12354276 0.19586168 0.66399997 4286100122
-0.122495 0.19527175 0.662 4286363807
-0.12200337 0.19556671 0.66299999 4286298014
-0.12096071 0.19497678 0.66100001 4286232220
-0.12046806 0.19527175 0.662 4286297500
-0.1194305 0.19468181 0.66000003 4286363547
-0.11857695 0.19438682 0.65899998 4286429340
-0.11754654 0.19379689 0.65700001 4286429338
-0.11758757 0.19497678 0.66100001 4286363545
-0.11708982 0.19527175 0.662 4286297752
-0.11694173 0.19615667 0.66500002 4286166166
-0.11678751 0.19704157 0.66799998 4286034580
-0.11662717 0.19792649 0.671 4285968017
-0.11594234 0.19792649 0.671 4286034064
-0.11542927 0.19822146 0.67199999 4285968785
-0.11440192 0.19763152 0.67000002 4286100626
-0.11354838 0.19733655 0.66900003 4286100883
-0.11269687 0.19704157 0.66799998 4286100883
-0.11251817 0.19792649 0.671 4286100883
-0.11216667 0.19851643 0.67299998 4286100883
-0.11164545 0.19881143 0.67400002 4285968017
-0.11145142 0.19969633 0.67699999 4285902224
-0.11108767 0.20028628 0.67900002 4285967760
-0.11023208 0.1999913 0.67799997 4286559897
-0.10889386 0.19881143 0.67400002 4287349413
-0.10820597 0.19881143 0.67400002 4287415206
-0.10735854 0.19851643 0.67299998 4286691483
-0.10683017 0.19881143 0.67400002 4286034064
-0.10614228 0.19881143 0.67400002 4285969040
-0.1057673 0.19940136 0.676 4285903247
-0.10492192 0.1991064 0.67500001 4285771661
-0.10423301 0.1991064 0.67500001 4285837454
-0.10369749 0.19940136 0.676 4286100371
-0.10255042 0.19851643 0.67299998 4286363543
-0.10186354 0.19851643 0.67299998 4286495129
-0.10147735 0.1991064 0.67500001 4286626715
-0.10093774 0.19940136 0.676 4286166164
-0.10024781 0.19940136 0.676 4286034578
-0.099705145 0.19969633 0.67699999 4285969040
-0.099014185 0.19969633 0.67699999 4285969040
-0.098323226 0.19969633 0.67699999 4285837454
-0.097632267 0.19969633 0.67699999 4285705868
-0.096798122 0.19940136 0.676 4285640075
-0.096676871 0.20058125 0.68000001 4285705868
-0.095841706 0.20028628 0.67900002 4285902477
-0.095288835 0.20058125 0.68000001 4285969040
-0.094594814 0.20058125 0.68000001 4286166677
-0.093762711 0.20028628 0.67900002 4286167447
-0.09306971 0.20028628 0.67900002 4286101400
-0.092648804 0.20087622 0.68099999 4286035093
-0.091953762 0.20087622 0.68099999 4286165139
-0.091392733 0.20117119 0.68199998 4286099346
-0.091095634 0.20205611 0.685 4286034580
-0.090264544 0.20176114 0.68400002 4286165396
-0.089566447 0.20176114 0.68400002 4286623126
-0.088868342 0.20176114 0.68400002 4286356361
-0.12372883 0.19686201 0.66500002 4286494882
-0.12286507 0.19656597 0.66399997 4286758052
-0.12218738 0.19656597 0.66399997 4286561186
-0.12114371 0.1959739 0.662 4286429599
-0.12065003 0.19626994 0.66299999 4286494879
-0.11961146 0.19567788 0.66100001 4286495133
-0.11875689 0.19538185 0.66000003 4286560926
-0.11808328 0.19538185 0.66000003 4286429340
-0.11758757 0.19567788 0.66100001 4286363547
-0.11726668 0.19626994 0.66299999 4286231961
-0.11711758 0.19715804 0.66600001 4286100375
-0.11678751 0.19775011 0.66799998 4285968787
-0.11627955 0.19804615 0.66900003 4286033810
-0.11576955 0.19834217 0.67000002 4286231443
-0.11508574 0.19834217 0.67000002 4286297750
-0.11423118 0.19804615 0.66900003 4286297750
-0.11354838 0.19804615 0.66900003 4286100883
-0.11269687 0.19775011 0.66799998 4285969297
-0.11251817 0.1986382 0.671 4285837711
-0.112 0.19893424 0.67199999 4285771918
-0.11181109 0.19982234 0.67500001 4285902224
-0.1112868 0.20011838 0.676 4285968017
-0.11043325 0.19982234 0.67500001 4286165139
-0.10925658 0.19893424 0.67199999 4286625690
-0.10824761 0.19834217 0.67000002 4287152034
-0.10756379 0.19834217 0.67000002 4287152034
-0.10672045 0.19804615 0.66900003 4286560408
-0.10635466 0.1986382 0.671 4286165650
-0.10535488 0.19804615 0.66900003 4285969040
-0.10514145 0.19893424 0.67199999 4285837452
-0.10461104 0.19923027 0.67299998 4285771661
-0.10423301 0.19982234 0.67500001 4285771661
-0.10354409 0.19982234 0.67500001 4285837454
-0.10285518 0.19982234 0.67500001 4286100626
-0.10201491 0.19952631 0.67400002 4286429591
-0.10147735 0.19982234 0.67500001 4286561177
-0.10078843 0.19982234 0.67500001 4286100626
-0.1003961 0.2004144 0.67699999 4286034833
-0.099410594 0.19982234 0.67500001 4285969040
-0.099014185 0.2004144 0.67699999 4286034833
-0.098177992 0.20011838 0.676 4285969040
-0.097632267 0.2004144 0.67699999 4285771661
-0.096941315 0.2004144 0.67699999 4285705868
-0.096534707 0.20100647 0.67900002 4285705868
-0.095982857 0.2013025 0.68000001 4285837452
-0.095288835 0.2013025 0.68000001 4286034831
-0.094455712 0.20100647 0.67900002 4286232212
-0.093762711 0.20100647 0.67900002 4286363798
-0.09306971 0.20100647 0.67900002 4286363543
-0.092512757 0.2013025 0.68000001 4286297236
-0.091818742 0.2013025 0.68000001 4286295440
-0.091392733 0.20189457 0.68199998 4286098061
-0.091095634 0.20278268 0.685 4285967760
-0.090132579 0.20219061 0.68300003 4286296725
-0.089304551 0.20189457 0.68199998 4286952861
-0.088738419 0.20219061 0.68300003 4286751632
-0.12317064 0.19667608 0.662 4286888872
-0.12230996 0.19637898 0.66100001 4286889640
-0.12181935 0.19667608 0.662 4286626725
-0.12096071 0.19637898 0.66100001 4286561186
-0.12028608 0.19637898 0.66100001 4286560673
-0.11961146 0.19637898 0.66100001 4286626465
-0.11875689 0.19608189 0.66000003 4286626465
-0.11790437 0.19578478 0.65899998 4286495133
-0.11776546 0.19667608 0.662 4286363547
-0.11726668 0.19697316 0.66299999 4286166168
-0.11694173 0.19756736 0.66500002 4286034582
-0.11661267 0.19816154 0.667 4285902996
-0.11627955 0.19875574 0.66900003 4285968019
-0.11576955 0.19905283 0.67000002 4286296982
-0.1152575 0.19934991 0.671 4286495131
-0.11440192 0.19905283 0.67000002 4286495129
-0.11405756 0.19964701 0.67199999 4286166677
-0.113203 0.19934991 0.671 4285903504
-0.11285353 0.19994409 0.67299998 4285706125
-0.11216667 0.19994409 0.67299998 4285705613
-0.11197673 0.20083538 0.676 4285836431
-0.11062829 0.19964701 0.67199999 4286099603
-0.10994244 0.19964701 0.67199999 4286362518
-0.10941917 0.19994409 0.67299998 4286691483
-0.10840917 0.19934991 0.671 4286954655
-0.10740325 0.19875574 0.66900003 4286888862
-0.10672045 0.19875574 0.66900003 4286428822
-0.10619617 0.19905283 0.67000002 4286231442
-0.1050399 0.19816154 0.667 4286100626
-0.10467208 0.19875574 0.66900003 4285837452
-0.10445561 0.19964701 0.67199999 4285837454
-0.10407859 0.20024121 0.67400002 4285771661
-0.10308389 0.19964701 0.67199999 4285574282
-0.10255042 0.19994409 0.67299998 4285771661
-0.10231762 0.20083538 0.676 4286100626
-0.10147735 0.20053829 0.67500001 4286166419
-0.10078843 0.20053829 0.67500001 4286298005
-0.10024781 0.20083538 0.676 4286166419
-0.099263325 0.20024121 0.67400002 4286100626
-0.098575428 0.20024121 0.67400002 4286100626
-0.097742289 0.19994409 0.67299998 4286034833
-0.097343847 0.20053829 0.67500001 4285837454
-0.096511744 0.20024121 0.67400002 4285705868
-0.096250355 0.20113248 0.67699999 4285705868
-0.095559396 0.20113248 0.67699999 4285837452
-0.095148705 0.20172668 0.67900002 4285969038
-0.094316594 0.20142956 0.67799997 4286297235
-0.093624614 0.20142956 0.67799997 4286494614
-0.092795566 0.20113248 0.67699999 4286560407
-0.092240661 0.20142956 0.67799997 4286494102
-0.091683716 0.20172668 0.67900002 4286492562
-0.091258727 0.20232084 0.68099999 4286229390
-0.090829663 0.20291504 0.68300003 4286098831
-0.090000607 0.20261794 0.68199998 4286559384
-0.089566447 0.20321214 0.68400002 4287215517
-0.12422045 0.19797453 0.66399997 4286756260
-0.12298459 0.19708009 0.66100001 4286954665
-0.12230996 0.19708009 0.66100001 4286955433
-0.12145132 0.19678193 0.66000003 4286692518
-0.12096071 0.19708009 0.66100001 4286363553
-0.12046806 0.19737823 0.662 4286429346
-0.11961146 0.19708009 0.66100001 4286363807
-0.11911676 0.19737823 0.662 4286429087
-0.11844111 0.19737823 0.662 4286363293
-0.11794335 0.19767639 0.66299999 4286231707
-0.11744355 0.19797453 0.66399997 4286100121
-0.11711758 0.19857086 0.66600001 4286100121
-0.11661267 0.198869 0.667 4286231961
-0.11627955 0.19946532 0.66900003 4286297754
-0.11542396 0.19916716 0.66799998 4286297752
-0.11457042 0.198869 0.667 4286231959
-0.11388967 0.198869 0.667 4286100371
-0.11354838 0.19946532 0.66900003 4285969298
-0.11286559 0.19946532 0.66900003 4285969298
-0.11251817 0.20006162 0.671 4285902992
-0.11166667 0.19976348 0.67000002 4285837199
-0.11131415 0.20035978 0.67199999 4285836431
-0.10996979 0.19916716 0.66799998 4286099603
-0.10928801 0.19916716 0.66799998 4286954655
-0.109094 0.20006162 0.671 4287152034
-0.10808604 0.19946532 0.66900003 4286823069
-0.10708216 0.198869 0.667 4286691483
-0.10656093 0.19916716 0.66799998 4286494615
-0.10587916 0.19916716 0.66799998 4286428821
-0.1050399 0.198869 0.667 4286034833
-0.10482854 0.19976348 0.67000002 4285903245
-0.10430016 0.20006162 0.671 4285903245
-0.10392416 0.20065793 0.67299998 4285837452
-0.10323729 0.20065793 0.67299998 4285640073
-0.10285518 0.20125425 0.67500001 4285508487
-0.10186354 0.20065793 0.67299998 4285640073
-0.10147735 0.20125425 0.67500001 4285837452
-0.10063911 0.20095609 0.67400002 4286232210
-0.10009951 0.20125425 0.67500001 4286429589
-0.099263325 0.20095609 0.67400002 4286298005
-0.098721683 0.20125425 0.67500001 4286166419
-0.097887531 0.20095609 0.67400002 4286232212
-0.097632267 0.20185055 0.67699999 4286034833
-0.096654929 0.20125425 0.67500001 4285771661
-0.096676871 0.20274502 0.68000001 4285705868
-0.095982857 0.20274502 0.68000001 4285772172
-0.095148705 0.20244686 0.67900002 4286101135
-0.094455712 0.20244686 0.67900002 4286494355
-0.093762711 0.20244686 0.67900002 4286231183
-0.093206778 0.20274502 0.68000001 4286034061
-0.092648804 0.20304316 0.68099999 4286362515
-0.091953762 0.20304316 0.68099999 4286822039
-0.091392733 0.20334132 0.68199998 4286953112
-0.090829663 0.20363949 0.68300003 4286493844
-0.090132579 0.20363949 0.68300003 4286492819
-0.089304551 0.20334132 0.68199998 4287478176
-0.12659104 0.20137176 0.67299998 4286491807
-0.12440754 0.19897805 0.66500002 4286821285
-0.12298459 0.19778119 0.66100001 4286756773
-0.12212493 0.19748197 0.66000003 4286757286
-0.12108328 0.19688353 0.65799999 4286626468
-0.12059471 0.19718274 0.65899998 4286429346
-0.12028608 0.19778119 0.66100001 4286363553
-0.11961146 0.19778119 0.66100001 4286297760
-0.11893683 0.19778119 0.66100001 4286363294
-0.11862002 0.19837961 0.66299999 4286297501
-0.11829915 0.19897805 0.66500002 4286231708
-0.11726668 0.19837961 0.66299999 4286165914
-0.11729342 0.19957647 0.667 4286297500
-0.11643784 0.19927727 0.66600001 4286363293
-0.11575811 0.19927727 0.66600001 4286363293
-0.1149056 0.19897805 0.66500002 4286363547
-0.11474219 0.19987568 0.66799998 4286231961
-0.11406042 0.19987568 0.66799998 4286166166
-0.11371811 0.20047413 0.67000002 4286035091
-0.113203 0.20077333 0.671 4285969298
-0.11268585 0.20107254 0.67199999 4285902992
-0.11166667 0.20047413 0.67000002 4285837199
-0.1111485 0.20077333 0.671 4285968017
-0.11013442 0.20017491 0.66900003 4286165396
-0.10961523 0.20047413 0.67000002 4286954655
-0.109094 0.20077333 0.671 4287152034
-0.10857072 0.20107254 0.67199999 4286757276
-0.10772433 0.20077333 0.671 4286625690
-0.10687998 0.20047413 0.67000002 4286428822
-0.10619617 0.20047413 0.67000002 4286363029
-0.10519738 0.19987568 0.66799998 4286034833
-0.10467208 0.20017491 0.66900003 4285969038
-0.10414473 0.20047413 0.67000002 4285903245
-0.10376975 0.20107254 0.67199999 4285837452
-0.10308389 0.20107254 0.67199999 4285640073
-0.10255042 0.20137176 0.67299998 4285442694
-0.10201491 0.20167099 0.67400002 4285508487
-0.10147735 0.2019702 0.67500001 4285640073
-0.10093774 0.20226941 0.676 4286298003
-0.10024781 0.20226941 0.676 4286363796
-0.099263325 0.20167099 0.67400002 4286232212
-0.09886793 0.20226941 0.676 4286100626
-0.097887531 0.20167099 0.67400002 4286166419
-0.097343847 0.2019702 0.67500001 4286034833
-0.096511744 0.20167099 0.67400002 4285837454
-0.096250355 0.20256862 0.67699999 4285837452
-0.095277101 0.2019702 0.67500001 4285837965
-0.094868444 0.20256862 0.67699999 4285969549
-0.094038375 0.20226941 0.676 4286231183
-0.093624614 0.20286784 0.67799997 4286165390
-0.092795566 0.20256862 0.67699999 4286034061
-0.092512757 0.20346627 0.68000001 4286099854
-0.091953762 0.20376548 0.68099999 4286296463
-0.091258727 0.20376548 0.68099999 4286427281
-0.090829663 0.20436393 0.68300003 4285967500
-0.090132579 0.20436393 0.68300003 4286295182
-0.089697391 0.20496234 0.685 4287213462
-0.12602675 0.20118478 0.67000002 4286557086
-0.12515585 0.20088451 0.66900003 4286557600
-0.1233567 0.19908284 0.66299999 4286493088
-0.12268003 0.19908284 0.66299999 4286494114
-0.12163533 0.19848229 0.66100001 4286428835
-0.12114371 0.19878256 0.662 4286494628
-0.12046806 0.19878256 0.662 4286297760
-0.11997336 0.19908284 0.66299999 4286231967
-0.11929669 0.19908284 0.66299999 4286297503
-0.11879893 0.19938311 0.66399997 4286231708
-0.11812124 0.19938311 0.66399997 4286231708
-0.11744355 0.19938311 0.66399997 4286231708
-0.11694173 0.1996834 0.66500002 4286363294
-0.11626302 0.1996834 0.66500002 4286494879
-0.11541048 0.19938311 0.66399997 4286494879
-0.1147328 0.19938311 0.66399997 4286429340
-0.11405511 0.19938311 0.66399997 4286297754
-0.11337742 0.19938311 0.66399997 4286166166
-0.11320892 0.20028394 0.667 4286100884
-0.11252817 0.20028394 0.667 4286035091
-0.11184742 0.20028394 0.667 4285968785
-0.11116666 0.20028394 0.667 4285837199
-0.11048591 0.20028394 0.667 4285968017
-0.10980517 0.20028394 0.667 4286165396
-0.10945163 0.20088451 0.66900003 4286954655
-0.10876884 0.20088451 0.66900003 4287086241
-0.10840917 0.20148505 0.671 4286691740
-0.1072427 0.20058422 0.66799998 4286560154
-0.10687998 0.20118478 0.67000002 4286494615
-0.10603767 0.20088451 0.66900003 4286428822
-0.10488243 0.19998367 0.66600001 4286166419
-0.10467208 0.20088451 0.66900003 4285969297
-0.10430016 0.20148505 0.671 4285969038
-0.10392416 0.20208558 0.67299998 4285837452
-0.10293049 0.20148505 0.671 4285705866
-0.10285518 0.20268615 0.67500001 4285508487
-0.10201491 0.20238587 0.67400002 4285442694
-0.10132701 0.20238587 0.67400002 4285508487
-0.10078843 0.20268615 0.67500001 4286232210
-0.1003961 0.20328669 0.67699999 4286298003
-0.099557869 0.20298642 0.676 4286100624
-0.099014185 0.20328669 0.67699999 4285969038
-0.097887531 0.20238587 0.67400002 4286034833
-0.097199634 0.20238587 0.67400002 4286034833
-0.096511744 0.20238587 0.67400002 4285903247
-0.096108183 0.20298642 0.676 4285903245
-0.095277101 0.20268615 0.67500001 4285969551
-0.094728313 0.20298642 0.676 4285969036
-0.094177485 0.20328669 0.67699999 4285968522
-0.093762711 0.20388725 0.67900002 4285968522
-0.092795566 0.20328669 0.67699999 4285640071
-0.092376709 0.20388725 0.67900002 4285311106
-0.091953762 0.2044878 0.68099999 4285113213
-0.090264544 0.20538864 0.68400002 4286030470
-0.089435503 0.20508836 0.68300003 4286882957
-0.12372883 0.20038874 0.66500002 4286360732
-0.122495 0.19948472 0.662 4286427808
-0.1212673 0.19858071 0.65899998 4286494114
-0.12077771 0.19888206 0.66000003 4286429089
-0.1201041 0.19888206 0.66000003 4286363296
-0.11961146 0.19918339 0.66100001 4286231967
-0.11911676 0.19948472 0.662 4286297503
-0.11879893 0.2000874 0.66399997 4286231710
-0.11794335 0.19978605 0.66299999 4286231708
-0.11744355 0.2000874 0.66399997 4286231708
-0.11676586 0.2000874 0.66399997 4286297501
-0.11591335 0.19978605 0.66299999 4286429087
-0.11523668 0.19978605 0.66299999 4286429086
-0.11421444 0.19918339 0.66100001 4286363293
-0.11388334 0.19978605 0.66299999 4286297754
-0.11337742 0.2000874 0.66399997 4286231961
-0.11320892 0.20099141 0.667 4286100886
-0.11219075 0.20038874 0.66500002 4286100884
-0.11184742 0.20099141 0.667 4285968785
-0.111 0.20069008 0.66600001 4285837199
-0.11048591 0.20099141 0.667 4285968017
-0.10980517 0.20099141 0.667 4286231189
-0.10945163 0.20159408 0.66900003 4287020448
-0.109094 0.20219676 0.671 4287086241
-0.10840917 0.20219676 0.671 4286560154
-0.10772433 0.20219676 0.671 4286428568
-0.1070395 0.20219676 0.671 4286428822
-0.10587916 0.20129274 0.66799998 4286363543
-0.10488243 0.20069008 0.66600001 4286298005
-0.10467208 0.20159408 0.66900003 4286100883
-0.10398929 0.20159408 0.66900003 4286034831
-0.10330649 0.20159408 0.66900003 4285903245
-0.1027771 0.20189542 0.67000002 4285771659
-0.10255042 0.20279942 0.67299998 4285574280
-0.10171218 0.20249809 0.67199999 4285508487
-0.10117666 0.20279942 0.67299998 4285508487
-0.10078843 0.2034021 0.67500001 4286034831
-0.10009951 0.2034021 0.67500001 4286100624
-0.099557869 0.20370343 0.676 4286034831
-0.09886793 0.20370343 0.676 4285969038
-0.098032765 0.2034021 0.67500001 4285969040
-0.097199634 0.20310077 0.67400002 4285969040
-0.096368544 0.20279942 0.67299998 4285903247
-0.095966019 0.2034021 0.67500001 4285837454
-0.09513595 0.20310077 0.67400002 4285903758
-0.094728313 0.20370343 0.676 4285837450
-0.094038375 0.20370343 0.676 4285902729
-0.093624614 0.2043061 0.67799997 4285836936
-0.092932634 0.2043061 0.67799997 4285508998
-0.092512757 0.20490879 0.68000001 4285114240
-0.090483055 0.20822348 0.69099998 4286155897
-0.12305012 0.20109409 0.66500002 4286624672
-0.12181935 0.20018689 0.662 4286494112
-0.1213267 0.20048928 0.66299999 4286363296
-0.12046806 0.20018689 0.662 4286297503
-0.12015431 0.20079167 0.66399997 4286297501
-0.11929669 0.20048928 0.66299999 4286297501
-0.11879893 0.20079167 0.66399997 4286297501
-0.11776546 0.20018689 0.662 4286231708
-0.11726668 0.20048928 0.66299999 4286231708
-0.11659002 0.20048928 0.66299999 4286231708
-0.11573852 0.20018689 0.662 4286297501
-0.11506287 0.20018689 0.662 4286363294
-0.11421444 0.1998845 0.66100001 4286297500
-0.11371157 0.20018689 0.662 4286231961
-0.11252367 0.1992797 0.65899998 4286166168
-0.11202083 0.1995821 0.66000003 4286166679
-0.1111785 0.1992797 0.65899998 4286100886
-0.11117667 0.20048928 0.66299999 4286034580
-0.11033333 0.20018689 0.662 4285902994
-0.11032027 0.20139648 0.66600001 4286033810
-0.10947592 0.20109409 0.66500002 4286362775
-0.10945163 0.20230368 0.66900003 4287085987
-0.10860624 0.20200127 0.66799998 4287020194
-0.10808604 0.20230368 0.66900003 4286428568
-0.1072427 0.20200127 0.66799998 4286231189
-0.10624189 0.20139648 0.66600001 4286166164
-0.10556216 0.20139648 0.66600001 4286297750
-0.10488243 0.20139648 0.66600001 4286429591
-0.10451561 0.20200127 0.66799998 4286298005
-0.10398929 0.20230368 0.66900003 4286035090
-0.10361533 0.20290847 0.671 4285837711
-0.1027771 0.20260607 0.67000002 4285706379
-0.10239804 0.20321086 0.67199999 4285509000
-0.10125812 0.20230368 0.66900003 4285443207
-0.100876 0.20290847 0.671 4285443207
-0.10048979 0.20351325 0.67299998 4285706379
-0.099951215 0.20381567 0.67400002 4285837965
-0.099557869 0.20442045 0.676 4285969551
-0.098721683 0.20411806 0.67500001 4286035344
-0.097887531 0.20381567 0.67400002 4285969297
-0.096911207 0.20321086 0.67199999 4285837711
-0.096225351 0.20321086 0.67199999 4285771918
-0.095823847 0.20381567 0.67400002 4285640332
-0.09513595 0.20381567 0.67400002 4285640073
-0.095148705 0.20532764 0.67900002 4285640073
-0.094594814 0.20563003 0.68000001 4285770889
-0.094038881 0.20593244 0.68099999 4285770889
-0.09306971 0.20532764 0.67900002 4285574793
-0.092648804 0.20593244 0.68099999 4285573510
-0.09235885 0.20683964 0.68400002 4285309052
-0.12268003 0.20119251 0.66299999 4286690465
-0.12145132 0.20028214 0.66000003 4286690978
-0.12114371 0.20088905 0.662 4286494110
-0.12046806 0.20088905 0.662 4286231708
-0.11997336 0.20119251 0.66299999 4286165915
-0.11911676 0.20088905 0.662 4286231708
-0.11879893 0.20149596 0.66399997 4286297501
-0.11776546 0.20088905 0.662 4286297501
-0.11691295 0.2005856 0.66100001 4286231708
-0.11588661 0.19997868 0.65899998 4286231708
-0.11521402 0.19997868 0.65899998 4286231708
-0.11471526 0.20028214 0.66000003 4286297501
-0.11404165 0.20028214 0.66000003 4286231708
-0.11353981 0.2005856 0.66100001 4286231707
-0.11235293 0.19967522 0.65799999 4286166168
-0.11236028 0.20088905 0.662 4286100632
-0.11134722 0.20028214 0.66000003 4286100886
-0.11134435 0.20149596 0.66399997 4286034580
-0.1105 0.20119251 0.66299999 4285902994
-0.11032027 0.20210288 0.66600001 4286033810
-0.10980517 0.20240635 0.667 4286296982
-0.10961523 0.20331672 0.67000002 4287085987
-0.10876884 0.20301327 0.66900003 4287085987
-0.10840917 0.20362018 0.671 4286494361
-0.1072427 0.20270979 0.66799998 4286362775
-0.10640141 0.20240635 0.667 4286297750
-0.10524515 0.20149596 0.66399997 4286495129
-0.10440998 0.20119251 0.66299999 4286561177
-0.10388977 0.20149596 0.66399997 4286429591
-0.10367841 0.20240635 0.667 4286166676
-0.10299765 0.20240635 0.667 4285903504
-0.1026237 0.20301327 0.66900003 4285706379
-0.10178853 0.20270979 0.66799998 4285574793
-0.10125812 0.20301327 0.66900003 4285509000
-0.10057533 0.20301327 0.66900003 4285443207
-0.10034048 0.20392363 0.67199999 4285509000
-0.099802919 0.20422709 0.67299998 4285706379
-0.099116042 0.20422709 0.67299998 4286101137
-0.098429166 0.20422709 0.67299998 4286232723
-0.097597063 0.20392363 0.67199999 4285969297
-0.096911207 0.20392363 0.67199999 4285837711
-0.096368544 0.20422709 0.67299998 4285771918
-0.095823847 0.20453055 0.67400002 4285574539
-0.095418252 0.20513746 0.676 4285508487
-0.094868444 0.20544092 0.67699999 4285508487
-0.094594814 0.2063513 0.68000001 4285573510
-0.09417697 0.2069582 0.68199998 4285441924
-0.093617991 0.20726168 0.68300003 4285113729
-0.092920907 0.20726168 0.68300003 4285177982
-0.12145132 0.20098218 0.66000003 4286625439
-0.1213267 0.20189573 0.66299999 4286494365
-0.12065003 0.20189573 0.66299999 4286165914
-0.12033527 0.20250478 0.66500002 4286165914
-0.11965656 0.20250478 0.66500002 4286231707
-0.11879893 0.20220025 0.66399997 4286297500
-0.11812124 0.20220025 0.66399997 4286297500
-0.11708982 0.20159122 0.662 4286297500
-0.11641417 0.20159122 0.662 4286297500
-0.11556369 0.2012867 0.66100001 4286297500
-0.11523668 0.20189573 0.66299999 4286231708
-0.11404165 0.20098218 0.66000003 4286231708
-0.11353981 0.2012867 0.66100001 4286231707
-0.11252367 0.20067766 0.65899998 4286166168
-0.11185109 0.20067766 0.65899998 4286100632
-0.11084109 0.20006862 0.65700001 4286100632
-0.1108413 0.2012867 0.66100001 4286034580
-0.11016667 0.2012867 0.66100001 4285902994
-0.11015463 0.20250478 0.66500002 4285902226
-0.10947592 0.20250478 0.66500002 4286165398
-0.10961523 0.20402737 0.67000002 4286954401
-0.10860624 0.20341833 0.66799998 4287085987
-0.10808604 0.20372285 0.66900003 4286691740
-0.10708216 0.20311381 0.667 4286625947
-0.10640141 0.20311381 0.667 4286495129
-0.10492815 0.20159122 0.662 4286560922
-0.10440998 0.20189573 0.66299999 4286560922
-0.10388977 0.20220025 0.66399997 4286495129
-0.10352296 0.20280929 0.66600001 4286363798
-0.10315207 0.20341833 0.66799998 4286100626
-0.1023169 0.20311381 0.667 4285837711
-0.10163615 0.20311381 0.667 4285706125
-0.1009554 0.20311381 0.667 4285574793
-0.10042498 0.20341833 0.66799998 4285509000
-0.10004185 0.20402737 0.67000002 4285509000
-0.099654622 0.20463639 0.67199999 4285772172
-0.098968767 0.20463639 0.67199999 4286232723
-0.098282911 0.20463639 0.67199999 4286364309
-0.097451828 0.20433189 0.671 4286035344
-0.096766993 0.20433189 0.671 4285837965
-0.09579578 0.20372285 0.66900003 4285641102
-0.095681667 0.20494092 0.67299998 4285574539
-0.095277101 0.20554996 0.67500001 4285508489
-0.095428966 0.20737706 0.68099999 4285442696
-0.094733924 0.20737706 0.68099999 4285311110
-0.094453156 0.20829062 0.68400002 4285112961
-0.094029188 0.20889966 0.68599999 4284520565
-0.1212673 0.20137663 0.65899998 4286559645
-0.12077771 0.20168222 0.66000003 4286362779
-0.1201041 0.20168222 0.66000003 4286165914
-0.11997336 0.20259896 0.66299999 4286165914
-0.11947662 0.20290454 0.66399997 4286165914
-0.11862002 0.20259896 0.66299999 4286297500
-0.11776546 0.20229338 0.662 4286494365
-0.11708982 0.20229338 0.662 4286363293
-0.11659002 0.20259896 0.66299999 4286297500
-0.11556369 0.2019878 0.66100001 4286363293
-0.11541048 0.20290454 0.66399997 4286231708
-0.11404165 0.20168222 0.66000003 4286231708
-0.11353981 0.2019878 0.66100001 4286231707
-0.11286518 0.2019878 0.66100001 4286231707
-0.11219055 0.2019878 0.66100001 4286165914
-0.11134722 0.20168222 0.66000003 4286100375
-0.1108413 0.2019878 0.66100001 4286034582
-0.1105 0.20259896 0.66299999 4285902996
-0.11015463 0.20321013 0.66500002 4285836433
-0.10931128 0.20290454 0.66399997 4286099605
-0.10912441 0.20382127 0.667 4286823328
-0.10828108 0.20351569 0.66600001 4287020707
-0.10792447 0.20412685 0.66799998 4286757533
-0.10676108 0.20321013 0.66500002 4286691740
-0.10624189 0.20351569 0.66600001 4286560154
-0.10492815 0.20229338 0.662 4286363543
-0.1042525 0.20229338 0.662 4286560408
-0.10373331 0.20259896 0.66299999 4286429336
-0.10352296 0.20351569 0.66600001 4286297750
-0.10299765 0.20382127 0.667 4286100626
-0.1024703 0.20412685 0.66799998 4285837711
-0.10178853 0.20412685 0.66799998 4285706125
-0.10110676 0.20412685 0.66799998 4285640332
-0.10042498 0.20412685 0.66799998 4285508746
-0.099892534 0.20443244 0.66900003 4285574539
-0.099209741 0.20443244 0.66900003 4285837711
-0.098526947 0.20443244 0.66900003 4286363798
-0.097990409 0.20473802 0.67000002 4286429848
-0.09716136 0.20443244 0.66900003 4286035090
-0.096766993 0.2050436 0.671 4285837711
-0.096368544 0.20565474 0.67299998 4285706895
-0.095681667 0.20565474 0.67299998 4285509516
-0.09513595 0.20596033 0.67400002 4285311621
-0.094868444 0.20687707 0.67699999 4285311108
-0.094733924 0.20809938 0.68099999 4285245317
-0.094591245 0.20932171 0.685 4285047168
-0.12145132 0.20238227 0.66000003 4286296731
-0.12114371 0.20299554 0.662 4286100122
-0.12065003 0.20330217 0.66299999 4286231708
-0.12015431 0.20360881 0.66399997 4286165915
-0.11965656 0.20391548 0.66500002 4286296731
-0.11844111 0.20299554 0.662 4286230938
-0.11776546 0.20299554 0.662 4286296473
-0.11691295 0.2026889 0.66100001 4286362779
-0.11641417 0.20299554 0.662 4286362779
-0.11556369 0.2026889 0.66100001 4286297500
-0.11523668 0.20330217 0.66299999 4286231708
-0.11421444 0.2026889 0.66100001 4286100635
-0.11353981 0.2026889 0.66100001 4286100122
-0.11252367 0.20207562 0.65899998 4286165914
-0.11202083 0.20238227 0.66000003 4286231707
-0.1110098 0.20176898 0.65799999 4286428572
-0.1108413 0.2026889 0.66100001 4286362779
-0.11000001 0.20238227 0.66000003 4286296986
-0.10998897 0.20360881 0.66399997 4285902742
-0.10914666 0.20330217 0.66299999 4286100121
-0.10879721 0.20391548 0.66500002 4286363547
-0.10779332 0.20330217 0.66299999 4286560156
-0.10743979 0.20391548 0.66500002 4286428570
-0.10643999 0.20330217 0.66299999 4286296982
-0.1056038 0.20299554 0.662 4286231189
-0.10476965 0.2026889 0.66100001 4286165396
-0.10409502 0.2026889 0.66100001 4286165139
-0.10373331 0.20330217 0.66299999 4286231189
-0.10321208 0.20360881 0.66399997 4286231959
-0.10284323 0.20422211 0.66600001 4286166164
-0.1024703 0.20483539 0.66799998 4286034578
-0.10194091 0.20514204 0.66900003 4285902992
-0.10125812 0.20514204 0.66900003 4285771406
-0.10072566 0.20544867 0.67000002 4285771406
-0.10004185 0.20544867 0.67000002 4285771408
-0.099358037 0.20544867 0.67000002 4285902994
-0.098674223 0.20544867 0.67000002 4286231443
-0.098136663 0.20575531 0.671 4286166164
-0.09716136 0.20514204 0.66900003 4286100884
-0.096478574 0.20514204 0.66900003 4285904274
-0.09579578 0.20514204 0.66900003 4285707408
-0.095255159 0.20544867 0.67000002 4285575820
-0.094712496 0.20575531 0.671 4285443975
-0.094588183 0.20698187 0.67500001 4285377412
-0.094316594 0.20790178 0.67799997 4285377160
-0.094315067 0.20943499 0.68300003 4284980863
-0.12145132 0.20308232 0.66000003 4285968538
-0.12096071 0.20339002 0.66100001 4285837463
-0.12065003 0.20400541 0.66299999 4285903256
-0.11961146 0.20339002 0.66100001 4285902743
-0.11893683 0.20339002 0.66100001 4286165145
-0.11790437 0.2027746 0.65899998 4286230938
-0.11740968 0.20308232 0.66000003 4286231193
-0.11655919 0.2027746 0.65899998 4286296986
-0.11606247 0.20308232 0.66000003 4286165914
-0.11538886 0.20308232 0.66000003 4286231707
-0.11471526 0.20308232 0.66000003 4286166428
-0.11404165 0.20308232 0.66000003 4286100635
-0.11353981 0.20339002 0.66100001 4286100122
-0.11269443 0.20308232 0.66000003 4286100122
-0.11219055 0.20339002 0.66100001 4286296986
-0.11168463 0.20369771 0.662 4286362779
-0.11134435 0.2043131 0.66399997 4286428572
-0.11016667 0.20339002 0.66100001 4286297500
-0.10982333 0.20400541 0.66299999 4286165914
-0.10931128 0.2043131 0.66399997 4286231707
-0.10863359 0.2043131 0.66399997 4286363547
-0.10763074 0.20369771 0.662 4286363547
-0.10743979 0.20462082 0.66500002 4286231961
-0.10676108 0.20462082 0.66500002 4286231191
-0.10592284 0.2043131 0.66399997 4286165396
-0.10492815 0.20369771 0.662 4286165396
-0.1042525 0.20369771 0.662 4285968017
-0.10357685 0.20369771 0.662 4286165396
-0.10305664 0.20400541 0.66299999 4286231959
-0.10284323 0.20492852 0.66600001 4286166679
-0.1024703 0.20554391 0.66799998 4286034578
-0.10178853 0.20554391 0.66799998 4285771919
-0.10156083 0.20646702 0.671 4285705615
-0.100876 0.20646702 0.671 4285705615
-0.10019116 0.20646702 0.671 4285902996
-0.099654622 0.20677471 0.67199999 4285902996
-0.099116042 0.20708241 0.67299998 4285968787
-0.098136663 0.20646702 0.671 4286034580
-0.097597063 0.20677471 0.67199999 4286100884
-0.096766993 0.20646702 0.671 4285970068
-0.095938973 0.20615932 0.67000002 4285838481
-0.095112987 0.20585161 0.66900003 4285641613
-0.094571345 0.20615932 0.67000002 4285707145
-0.094167791 0.20677471 0.67199999 4285443975
-0.094177485 0.20831321 0.67699999 4285311367
-0.09417697 0.20985171 0.68199998 4285178244
-0.12286507 0.20501739 0.66399997 4285902745
-0.12163533 0.20409112 0.66100001 4285771418
-0.12096071 0.20409112 0.66100001 4285772186
-0.12065003 0.20470864 0.66299999 4285640600
-0.1194305 0.20378236 0.66000003 4285640600
-0.11893683 0.20409112 0.66100001 4285903256
-0.11790437 0.20347358 0.65899998 4286034842
-0.11705389 0.20316483 0.65799999 4285969048
-0.11655919 0.20347358 0.65899998 4285969048
-0.11606247 0.20378236 0.66000003 4286100632
-0.11521402 0.20347358 0.65899998 4286034839
-0.11488906 0.20409112 0.66100001 4286035611
-0.11404165 0.20378236 0.66000003 4285969818
-0.11319626 0.20347358 0.65899998 4286034841
-0.11286518 0.20409112 0.66100001 4285969048
-0.11236028 0.20439987 0.662 4286100121
-0.11134722 0.20378236 0.66000003 4286231707
-0.11100898 0.20439987 0.662 4286297500
-0.11033333 0.20439987 0.662 4286429086
-0.10998897 0.20501739 0.66399997 4286429086
-0.10898203 0.20439987 0.662 4286298013
-0.10863359 0.20501739 0.66399997 4286232218
-0.1079559 0.20501739 0.66399997 4286232218
-0.10711665 0.20470864 0.66299999 4286166425
-0.10676108 0.20532617 0.66500002 4286100375
-0.10576332 0.20470864 0.66299999 4286034582
-0.10508665 0.20470864 0.66299999 4286034582
-0.1042525 0.20439987 0.662 4285837201
-0.10388977 0.20501739 0.66399997 4285969300
-0.10305664 0.20470864 0.66299999 4286166679
-0.10284323 0.20563492 0.66600001 4286035607
-0.1024703 0.20625244 0.66799998 4285903507
-0.10194091 0.20656121 0.66900003 4285509263
-0.10140947 0.20686996 0.67000002 4285508749
-0.10117666 0.20779625 0.67299998 4285508749
-0.10048979 0.20779625 0.67299998 4285903507
-0.099951215 0.20810501 0.67400002 4285837714
-0.099557869 0.20872253 0.676 4285771921
-0.098575428 0.20810501 0.67400002 4285837714
-0.097742289 0.20779625 0.67299998 4285969298
-0.096766993 0.20717873 0.671 4286100884
-0.095938973 0.20686996 0.67000002 4286035090
-0.095255159 0.20686996 0.67000002 4285903758
-0.094289035 0.20625244 0.66799998 4285509514
-0.09388753 0.20686996 0.67000002 4285443721
-0.093621045 0.20779625 0.67299998 4285377161
-0.093762711 0.20964882 0.67900002 4285704077
-0.093755051 0.21119262 0.68400002 4285963656
-0.12268003 0.20541185 0.66299999 4285835671
-0.12218738 0.20572168 0.66399997 4285507219
-0.1213267 0.20541185 0.66299999 4285705112
-0.12065003 0.20541185 0.66299999 4285639830
-0.1194305 0.20448241 0.66000003 4285574807
-0.11893683 0.20479222 0.66100001 4285837463
-0.11754654 0.20355293 0.65700001 4285837977
-0.116876 0.20355293 0.65700001 4285772439
-0.11620545 0.20355293 0.65700001 4285706646
-0.11553491 0.20355293 0.65700001 4285904023
-0.11486436 0.20355293 0.65700001 4285904023
-0.11436763 0.20386274 0.65799999 4285904025
-0.11386885 0.20417257 0.65899998 4285904025
-0.11319626 0.20417257 0.65899998 4285969048
-0.11286518 0.20479222 0.66100001 4285969048
-0.11236028 0.20510204 0.662 4286034328
-0.11185334 0.20541185 0.66299999 4286165914
-0.1108413 0.20479222 0.66100001 4286297500
-0.11083334 0.2060315 0.66500002 4286429086
-0.10965768 0.20510204 0.662 4286495392
-0.10914666 0.20541185 0.66299999 4286363806
-0.10814279 0.20479222 0.66100001 4286298011
-0.10763074 0.20510204 0.662 4286232218
-0.1069551 0.20510204 0.662 4286232218
-0.10627945 0.20510204 0.662 4286166425
-0.1056038 0.20510204 0.662 4286034839
-0.10508665 0.20541185 0.66299999 4285969046
-0.1042525 0.20510204 0.662 4285969300
-0.10388977 0.20572168 0.66399997 4286166679
-0.10321208 0.20572168 0.66399997 4286232472
-0.10268882 0.2060315 0.66500002 4285969814
-0.1024703 0.20696096 0.66799998 4285837714
-0.10209329 0.20758061 0.67000002 4285443470
-0.10140947 0.20758061 0.67000002 4285442956
-0.10102633 0.20820025 0.67199999 4285311884
-0.10063911 0.20881991 0.67400002 4285772435
-0.099802919 0.20851007 0.67299998 4285706642
-0.099263325 0.20881991 0.67400002 4285771921
-0.098575428 0.20881991 0.67400002 4285771921
-0.097887531 0.20881991 0.67400002 4285969298
-0.097199634 0.20881991 0.67400002 4286100884
-0.096511744 0.20881991 0.67400002 4286100371
-0.095397323 0.20789044 0.671 4286034833
-0.09485364 0.20820025 0.67199999 4285837711
-0.09388753 0.20758061 0.67000002 4285837712
-0.093621045 0.20851007 0.67299998 4285836431
-0.093486525 0.20974936 0.67699999 4286163858
-0.12119596 0.20704773 0.66600001 4285704085
-0.11997336 0.20611508 0.66299999 4285967768
-0.11911676 0.2058042 0.662 4285705364
-0.11790437 0.20487155 0.65899998 4285771670
-0.1166981 0.20393892 0.65600002 4285837462
-0.1158517 0.20362802 0.65499997 4285837462
-0.11535905 0.20393892 0.65600002 4286034839
-0.11486436 0.20424978 0.65700001 4286034839
-0.11402 0.20393892 0.65600002 4285904025
-0.11386885 0.20487155 0.65899998 4285904025
-0.11319626 0.20487155 0.65899998 4286034841
-0.11252367 0.20487155 0.65899998 4286034841
-0.11151163 0.20424978 0.65700001 4286100121
-0.11151592 0.20549332 0.66100001 4286165914
-0.1108413 0.20549332 0.66100001 4286297500
-0.11000001 0.20518245 0.66000003 4286429086
-0.10965768 0.2058042 0.662 4286626465
-0.10947592 0.20673685 0.66500002 4286494879
-0.10863359 0.20642595 0.66399997 4286298013
-0.1081185 0.20673685 0.66500002 4286298013
-0.10743979 0.20673685 0.66500002 4286167195
-0.10676108 0.20673685 0.66500002 4286101402
-0.10576332 0.20611508 0.66299999 4285969816
-0.10540365 0.20673685 0.66500002 4285772437
-0.1042525 0.2058042 0.662 4286232218
-0.10404624 0.20673685 0.66500002 4286298011
-0.10305664 0.20611508 0.66299999 4286232218
-0.10268882 0.20673685 0.66500002 4286034839
-0.1021635 0.20704773 0.66600001 4285837201
-0.10178853 0.2076695 0.66799998 4285574542
-0.10140947 0.20829126 0.67000002 4285574029
-0.10102633 0.20891303 0.67199999 4285574542
-0.10063911 0.20953479 0.67400002 4285706642
-0.099951215 0.20953479 0.67400002 4285706642
-0.099263325 0.20953479 0.67400002 4285706642
-0.098721683 0.20984568 0.67500001 4285706642
-0.097887531 0.20953479 0.67400002 4285969300
-0.097343847 0.20984568 0.67500001 4286035093
-0.096511744 0.20953479 0.67400002 4286166166
-0.095681667 0.2092239 0.67299998 4286166166
-0.094994791 0.2092239 0.67299998 4286166166
-0.094167791 0.20891303 0.67199999 4286099603
-0.093899265 0.20984568 0.67500001 4286033042
-0.093486525 0.21046743 0.67699999 4286556822
-0.12033527 0.20744219 0.66500002 4286426779
-0.11911676 0.20650637 0.662 4285967509
-0.11808328 0.20588249 0.66000003 4285836180
-0.1166981 0.20463471 0.65600002 4286034328
-0.11602858 0.20463471 0.65600002 4285968535
-0.11535905 0.20463471 0.65600002 4286034582
-0.11486436 0.20494665 0.65700001 4286034582
-0.11436763 0.20525859 0.65799999 4286034841
-0.11404165 0.20588249 0.66000003 4286034841
-0.11319626 0.20557053 0.65899998 4286100634
-0.11286518 0.20619443 0.66100001 4286165914
-0.11168136 0.20525859 0.65799999 4286231707
-0.1111785 0.20557053 0.65899998 4286231707
-0.11017054 0.20494665 0.65700001 4286297500
-0.11016667 0.20619443 0.66100001 4286363293
-0.1093264 0.20588249 0.66000003 4286691744
-0.10898203 0.20650637 0.662 4286429086
-0.10846999 0.2068183 0.66299999 4286297500
-0.10779332 0.2068183 0.66299999 4286232220
-0.10743979 0.20744219 0.66500002 4286232218
-0.10708216 0.20806608 0.667 4286035609
-0.10608236 0.20744219 0.66500002 4285904023
-0.10572065 0.20806608 0.667 4285772437
-0.10472494 0.20744219 0.66500002 4286232218
-0.10404624 0.20744219 0.66500002 4286297754
-0.10321208 0.20713024 0.66399997 4286166168
-0.10268882 0.20744219 0.66500002 4286165398
-0.1021635 0.20775414 0.66600001 4285968017
-0.10163615 0.20806608 0.667 4285902224
-0.10110676 0.20837802 0.66799998 4285902224
-0.100876 0.20931385 0.671 4285837201
-0.10034048 0.2096258 0.67199999 4285837714
-0.099654622 0.2096258 0.67199999 4285903507
-0.098968767 0.2096258 0.67199999 4285772435
-0.098575428 0.21024969 0.67400002 4285772435
-0.098032765 0.21056163 0.67500001 4285903507
-0.097199634 0.21024969 0.67400002 4286035093
-0.096941315 0.2111855 0.67699999 4286166168
-0.096108183 0.21087357 0.676 4286231961
-0.09513595 0.21024969 0.67400002 4286165398
-0.094307914 0.20993774 0.67299998 4286230421
-0.094316594 0.21149744 0.67799997 4286491542
-0.093486525 0.2111855 0.67699999 4286818454
-0.1203763 0.20939957 0.66900003 4285965713
-0.11723178 0.2062695 0.65899998 4286231193
-0.11638232 0.2059565 0.65799999 4286100121
-0.11553491 0.2056435 0.65700001 4286034582
-0.11503919 0.2059565 0.65799999 4285968789
-0.11436763 0.2059565 0.65799999 4286034328
-0.11421444 0.20689553 0.66100001 4286100121
-0.1130245 0.2059565 0.65799999 4286165914
-0.11252367 0.2062695 0.65899998 4286362779
-0.11151163 0.2056435 0.65700001 4286362779
-0.11050367 0.20501749 0.65499997 4286362779
-0.11000286 0.20533051 0.65600002 4286362779
-0.10983333 0.2062695 0.65899998 4286362779
-0.10949204 0.20689553 0.66100001 4286559645
-0.10898203 0.20720853 0.662 4286362779
-0.10830639 0.20720853 0.662 4286296986
-0.1079559 0.20783453 0.66399997 4286100121
-0.10727821 0.20783453 0.66399997 4286100375
-0.10676108 0.20814754 0.66500002 4286034839
-0.10592284 0.20783453 0.66399997 4285838230
-0.10540365 0.20814754 0.66500002 4285772437
-0.10472494 0.20814754 0.66500002 4286100632
-0.10451561 0.20908655 0.66799998 4286100375
-0.10321208 0.20783453 0.66399997 4286165398
-0.10268882 0.20814754 0.66500002 4286164885
-0.1021635 0.20846054 0.66600001 4286164628
-0.10148378 0.20846054 0.66600001 4286164628
-0.1009554 0.20877354 0.667 4286033553
-0.10042498 0.20908655 0.66799998 4286033553
-0.10034048 0.21033856 0.67199999 4286034064
-0.099209741 0.20939957 0.66900003 4285902992
-0.098674223 0.20971256 0.67000002 4285771919
-0.098282911 0.21033856 0.67199999 4285706128
-0.097742289 0.21065156 0.67299998 4285771921
-0.097199634 0.21096458 0.67400002 4285903253
-0.096798122 0.21159059 0.676 4286165914
-0.096108183 0.21159059 0.676 4286428570
-0.095277101 0.21127757 0.67500001 4286427800
-0.094728313 0.21159059 0.676 4286491540
-0.11691295 0.20759663 0.66100001 4286296986
-0.11588661 0.20696849 0.65899998 4286034328
-0.11521402 0.20696849 0.65899998 4286034328
-0.11454143 0.20696849 0.65899998 4286165400
-0.11421444 0.20759663 0.66100001 4286165400
-0.11353981 0.20759663 0.66100001 4286231193
-0.11252367 0.20696849 0.65899998 4286296986
-0.11134191 0.20602632 0.65600002 4286296986
-0.11067238 0.20602632 0.65600002 4286296986
-0.10983516 0.20571223 0.65499997 4286296986
-0.1095 0.20634037 0.65700001 4286296986
-0.10882945 0.20634037 0.65700001 4286362266
-0.10848816 0.20696849 0.65899998 4286231193
-0.10797919 0.20728257 0.66000003 4286099607
-0.10763074 0.20791069 0.662 4285902742
-0.1069551 0.20791069 0.662 4285902996
-0.10643999 0.20822476 0.66299999 4285903253
-0.10592284 0.20853882 0.66399997 4285772437
-0.10556216 0.20916696 0.66600001 4285772437
-0.10472494 0.20885289 0.66500002 4286034839
-0.10435916 0.20948102 0.667 4285968789
-0.10352296 0.20916696 0.66600001 4286033812
-0.10284323 0.20916696 0.66600001 4286099092
-0.1021635 0.20916696 0.66600001 4286230421
-0.10163615 0.20948102 0.667 4286230421
-0.10065269 0.20885289 0.66500002 4286099346
-0.099973977 0.20885289 0.66500002 4286033553
-0.09974321 0.20979507 0.66799998 4286099857
-0.098913148 0.20948102 0.667 4285837199
-0.098526947 0.21010916 0.66900003 4285705613
-0.097844154 0.21010916 0.66900003 4285574027
-0.097597063 0.21105133 0.67199999 4285639822
-0.096766993 0.21073727 0.671 4286033812
-0.096368544 0.21136539 0.67299998 4286296986
-0.095966019 0.21199353 0.67500001 4286493339
-0.095418252 0.21230759 0.676 4286820505
-0.11708982 0.20861286 0.662 4286296986
-0.11421444 0.20829773 0.66100001 4285968021
-0.11319626 0.20766747 0.65899998 4286033814
-0.11252367 0.20766747 0.65899998 4286034328
-0.11100245 0.20609185 0.65399998 4286165914
-0.11067238 0.20672211 0.65600002 4286165914
-0.10983516 0.20640697 0.65499997 4286100121
-0.10916666 0.20640697 0.65499997 4286034328
-0.10882945 0.20703723 0.65700001 4286362779
-0.10848816 0.20766747 0.65899998 4286100121
-0.10797919 0.20798261 0.66000003 4286100375
-0.10746816 0.20829773 0.66100001 4285968789
-0.10727821 0.2092431 0.66399997 4285771410
-0.10643999 0.20892797 0.66299999 4285771667
-0.10576332 0.20892797 0.66299999 4285706644
-0.10524515 0.2092431 0.66399997 4285772437
-0.10456746 0.2092431 0.66399997 4285903253
-0.1042027 0.20987336 0.66600001 4285968789
-0.10336753 0.20955823 0.66500002 4285968789
-0.10253439 0.2092431 0.66399997 4286099605
-0.1021635 0.20987336 0.66600001 4286099607
-0.1013314 0.20955823 0.66500002 4286099605
-0.10034997 0.20892797 0.66299999 4285902224
-0.099673301 0.20892797 0.66299999 4285770638
-0.099593893 0.21018848 0.667 4285902992
-0.098764852 0.20987336 0.66600001 4285574027
-0.098526947 0.21081874 0.66900003 4285705098
-0.097844154 0.21081874 0.66900003 4285770379
-0.097597063 0.2117641 0.67199999 4285704075
-0.096766993 0.21144898 0.671 4286032272
-0.096225351 0.2117641 0.67199999 4286492312
-0.095966019 0.21270949 0.67500001 4286688408
-0.09513595 0.21239437 0.67400002 4287345052
-0.11336804 0.20868266 0.66000003 4286296986
-0.11252367 0.20836645 0.65899998 4286231707
-0.11168136 0.20805028 0.65799999 4286034841
-0.11084109 0.20773409 0.65700001 4285969048
-0.11017054 0.20773409 0.65700001 4286034841
-0.10966667 0.20805028 0.65799999 4286034841
-0.1089951 0.20805028 0.65799999 4286298013
-0.10832354 0.20805028 0.65799999 4286165914
-0.10781557 0.20836645 0.65899998 4286034582
-0.10714298 0.20836645 0.65899998 4285837203
-0.10679353 0.20899884 0.66100001 4285508495
-0.10627945 0.20931502 0.662 4285640081
-0.10576332 0.2096312 0.66299999 4285640851
-0.10492815 0.20931502 0.662 4285772437
-0.10440998 0.2096312 0.66299999 4285903253
-0.10404624 0.21026358 0.66500002 4285902996
-0.10321208 0.20994738 0.66399997 4285968789
-0.10284323 0.21057977 0.66600001 4285837460
-0.1024703 0.21121213 0.66799998 4285903255
-0.10117901 0.20994738 0.66399997 4285903255
-0.10004725 0.20899884 0.66100001 4285705874
-0.099372625 0.20899884 0.66100001 4285640335
-0.099145941 0.20994738 0.66399997 4285639820
-0.098468252 0.20994738 0.66399997 4285573513
-0.098379664 0.21121213 0.66799998 4285375363
-0.097055413 0.21279305 0.67299998 4285174908
-0.11336804 0.2093827 0.66000003 4286296731
-0.11252367 0.20906544 0.65899998 4286100635
-0.11168136 0.20874819 0.65799999 4285837977
-0.1111785 0.20906544 0.65899998 4285837977
-0.11067361 0.2093827 0.66000003 4285838232
-0.11000001 0.2093827 0.66000003 4285772439
-0.1089951 0.20874819 0.65799999 4285904025
-0.10848816 0.20906544 0.65899998 4285969048
-0.10797919 0.2093827 0.66000003 4285968789
-0.10714298 0.20906544 0.65899998 4285837203
-0.10711665 0.21033442 0.66299999 4285574542
-0.10660052 0.21065167 0.66399997 4285574542
-0.10592284 0.21065167 0.66399997 4285575056
-0.10492815 0.21001719 0.662 4285509263
-0.10456746 0.21065167 0.66399997 4285706128
-0.10404624 0.21096893 0.66500002 4285705615
-0.10336753 0.21096893 0.66500002 4285771667
-0.10253439 0.21065167 0.66399997 4285706644
-0.1023169 0.21160342 0.667 4285641110
-0.10102664 0.21033442 0.66299999 4285510037
-0.10019861 0.21001719 0.662 4285312399
-0.09907195 0.20906544 0.65899998 4285311884
-0.098847315 0.21001719 0.662 4285508234
-0.098468252 0.21065167 0.66399997 4285309828
-0.11286518 0.21040104 0.66100001 4286231708
-0.11202083 0.21008274 0.66000003 4286100635
-0.11134722 0.21008274 0.66000003 4285903770
-0.1108413 0.21040104 0.66100001 4285904025
-0.10966667 0.20944612 0.65799999 4285772439
-0.10916074 0.20976442 0.65899998 4285838232
-0.10848816 0.20976442 0.65899998 4285903255
-0.10781557 0.20976442 0.65899998 4285771410
-0.10714298 0.20976442 0.65899998 4285770640
-0.10711665 0.21103765 0.66299999 4285508236
-0.10660052 0.21135595 0.66399997 4285574029
-0.10592284 0.21135595 0.66399997 4285771408
-0.10492815 0.21071935 0.662 4285639820
-0.10440998 0.21103765 0.66299999 4285573513
-0.10388977 0.21135595 0.66399997 4285507720
-0.10321208 0.21135595 0.66399997 4285837201
-0.10268882 0.21167427 0.66500002 4285969046
-0.1023169 0.21231088 0.667 4285772696
-0.10148378 0.21199258 0.66600001 4285575317
-0.10050132 0.21135595 0.66399997 4285048716
-0.099522963 0.21071935 0.662 4285113480
-0.098847315 0.21071935 0.662 4285572489
-0.098913148 0.21231088 0.667 4285504896
-0.11286946 0.21237962 0.66500002 4286100122
-0.11185334 0.21174088 0.66299999 4285969049
-0.11117667 0.21174088 0.66299999 4285969049
-0.11016667 0.21110214 0.66100001 4285969049
-0.1093264 0.21078278 0.66000003 4285902742
-0.10815891 0.20982467 0.65700001 4286033814
-0.10781557 0.2104634 0.65899998 4285835920
-0.10746816 0.21110214 0.66100001 4285835661
-0.10711665 0.21174088 0.66299999 4285769868
-0.10676108 0.21237962 0.66500002 4285704588
-0.10592284 0.21206024 0.66399997 4285836172
-0.10508665 0.21174088 0.66299999 4285572487
-0.10472494 0.21237962 0.66500002 4285111166
-0.10388977 0.21206024 0.66399997 4285242752
-0.10336753 0.21237962 0.66500002 4285967247
-0.10253439 0.21206024 0.66399997 4286231191
-0.1021635 0.21269898 0.66600001 4286296986
-0.1013314 0.21237962 0.66500002 4285902228
-0.10080405 0.21269898 0.66600001 4284980100
-0.099973977 0.21237962 0.66500002 4284913278
-0.099892534 0.2136571 0.66900003 4285832324
-0.11320892 0.21372582 0.667 4286230681
-0.11202204 0.21276452 0.66399997 4286296731
-0.11151205 0.21308497 0.66500002 4286296731
-0.11033333 0.21212368 0.662 4286230938
-0.1093264 0.21148282 0.66000003 4286164887
-0.10848816 0.21116239 0.65899998 4285967249
-0.1050399 0.21372582 0.667 4284911989
-0.10435916 0.21372582 0.667 4285175162
-0.10367841 0.21372582 0.667 4286294415
-0.10284323 0.21340539 0.66600001 4286821277
-0.1024703 0.21404624 0.66799998 4286821022
-0.10194091 0.21436669 0.66900003 4286294164
-0.113203 0.21571924 0.671 4286756258
-0.1121828 0.21507627 0.66900003 4286624926
-0.11016667 0.21250436 0.66100001 4286361754
-0.10608022 0.21796966 0.67799997 4285501816
-0.10507736 0.21732669 0.676 4286883729
-0.10330649 0.21507627 0.66900003 4287672993
-0.10308389 0.21604073 0.67199999 4287607201
-0.11268585 0.2167535 0.67199999 4286753942
-0.10469626 0.21868879 0.67799997 4287867546
