# .PCD v0.7 - Point Cloud Data file format
VERSION 0.7
FIELDS x y z rgba
SIZE 4 4 4 4
TYPE F F F U
COUNT 1 1 1 1
WIDTH 2273
HEIGHT 1
VIEWPOINT 0 0 0 1 0 0 0
POINTS 2273
DATA ascii
-0.049258217 -0.086072974 0.34400001 4280690211
-0.049258217 -0.085708104 0.34400001 4286414708
-0.049049295 -0.085591324 0.345 4283190597
-0.048697185 -0.085225396 0.345 4285559399
-0.04834507 -0.085225396 0.345 4278979852
-0.04834507 -0.084859461 0.345 4288191116
-0.047992956 -0.084859461 0.345 4280953639
-0.047992956 -0.084493533 0.345 4283059012
-0.047992956 -0.084127598 0.345 4291152049
-0.047640845 -0.084127598 0.345 4283980110
-0.047992956 -0.08376167 0.345 4294704606
-0.047502756 -0.083518885 0.34400001 4286414446
-0.047151666 -0.083154015 0.34400001 4287796093
-0.047151666 -0.082789138 0.34400001 4289572498
-0.04785385 -0.082424268 0.34400001 4294506448
-0.047502756 -0.082424268 0.34400001 4294506704
-0.047151666 -0.082424268 0.34400001 4289572498
-0.04820494 -0.082059398 0.34400001 4294703315
-0.04785385 -0.082059398 0.34400001 4294505934
-0.047502756 -0.082059398 0.34400001 4294440141
-0.047151666 -0.082059398 0.34400001 4289571728
-0.04785385 -0.081694528 0.34400001 4294374092
-0.047502756 -0.081694528 0.34400001 4294308299
-0.047151666 -0.081694528 0.34400001 4289505680
-0.04785385 -0.081329659 0.34400001 4293584577
-0.047502756 -0.081329659 0.34400001 4293650114
-0.047151666 -0.081329659 0.34400001 4289176459
-0.047502756 -0.080964789 0.34400001 4294176203
-0.047151666 -0.080964789 0.34400001 4289439120
-0.047151666 -0.080599919 0.34400001 4291018148
-0.046800572 -0.080599919 0.34400001 4282597433
-0.046449482 -0.080599919 0.34400001 4278650630
-0.047364667 -0.080001801 0.34299999 4294637011
-0.046664521 -0.080001801 0.34299999 4287465336
-0.046314452 -0.080001801 0.34299999 4279242509
-0.046528477 -0.078680314 0.34200001 4293123779
-0.12164329 -0.066752546 0.29699999 4286700419
-0.1469899 -0.075498618 0.36899999 4286038379
-0.14661328 -0.075498618 0.36899999 4286103918
-0.14512247 -0.075703226 0.37 4284726103
-0.1469899 -0.075107232 0.36899999 4285512553
-0.14661328 -0.075107232 0.36899999 4285709163
-0.14623667 -0.075107232 0.36899999 4286038127
-0.14587773 -0.075310774 0.37 4285777259
-0.1455147 -0.075514317 0.37099999 4284726620
-0.1469899 -0.074715845 0.36899999 4284986727
-0.14661328 -0.074715845 0.36899999 4285249128
-0.14623667 -0.074715845 0.36899999 4285380969
-0.14586008 -0.074715845 0.36899999 4285184613
-0.14587773 -0.07491833 0.37 4284462941
-0.14475739 -0.075120807 0.37099999 4285449574
-0.044600733 -0.070058756 0.34599999 4294242763
-0.044247601 -0.070058756 0.34599999 4294308554
-0.043894466 -0.070058756 0.34599999 4294309066
-0.043541335 -0.070058756 0.34599999 4294243786
-0.043188199 -0.070058756 0.34599999 4294113227
-0.042835068 -0.070058756 0.34599999 4293784519
-0.1469899 -0.074324459 0.36899999 4284658533
-0.14701061 -0.074525878 0.37 4284789606
-0.14663298 -0.074525878 0.37 4285053032
-0.14625536 -0.074525878 0.37 4284462176
-0.14587773 -0.074525878 0.37 4284068955
-0.14550011 -0.074525878 0.37 4283741014
-0.1455147 -0.074727297 0.37099999 4283741269
-0.14513604 -0.074727297 0.37099999 4284201561
-0.14475739 -0.074727297 0.37099999 4284989537
-0.14437875 -0.074727297 0.37099999 4285580901
-0.1440001 -0.074727297 0.37099999 4285975144
-0.14323434 -0.074525878 0.37 4286303851
-0.1428567 -0.074525878 0.37 4286501741
-0.044729639 -0.069893189 0.347 4294505421
-0.044247601 -0.06969177 0.34599999 4294374091
-0.043894466 -0.06969177 0.34599999 4294177224
-0.043541335 -0.06969177 0.34599999 4294243274
-0.043188199 -0.06969177 0.34599999 4294046921
-0.042835068 -0.06969177 0.34599999 4293784518
-0.042481933 -0.06969177 0.34599999 4293784775
-0.042128801 -0.06969177 0.34599999 4293850569
-0.14738825 -0.074133433 0.37 4284395618
-0.14701061 -0.074133433 0.37 4284592741
-0.14663298 -0.074133433 0.37 4284790633
-0.14625536 -0.074133433 0.37 4284331106
-0.14587773 -0.074133433 0.37 4284069214
-0.1455147 -0.074333794 0.37099999 4283741268
-0.14437875 -0.074333794 0.37099999 4285383777
-0.1440001 -0.074333794 0.37099999 4285777765
-0.14323434 -0.074133433 0.37 4286040680
-0.1428567 -0.074133433 0.37 4286304108
-0.047072668 -0.069324777 0.34599999 4293783497
-0.046584506 -0.069124416 0.345 4292927156
-0.046366401 -0.069324777 0.34599999 4293716156
-0.046013266 -0.069324777 0.34599999 4294110400
-0.044600733 -0.069324777 0.34599999 4294439114
-0.044247601 -0.069324777 0.34599999 4294241993
-0.043894466 -0.069324777 0.34599999 4294044870
-0.043541335 -0.069324777 0.34599999 4294111433
-0.043188199 -0.069324777 0.34599999 4293848773
-0.042835068 -0.069324777 0.34599999 4293915336
-0.042481933 -0.069324777 0.34599999 4293915850
-0.042128801 -0.069324777 0.34599999 4293981387
-0.14738825 -0.073740989 0.37 4284461152
-0.14701061 -0.073740989 0.37 4284526947
-0.14663298 -0.073740989 0.37 4284593255
-0.14625536 -0.073740989 0.37 4284265314
-0.14589334 -0.073940285 0.37099999 4283938137
-0.1455147 -0.073940285 0.37099999 4284135768
-0.14513604 -0.073940285 0.37099999 4284464987
-0.14475739 -0.073940285 0.37099999 4284924253
-0.14437875 -0.073940285 0.37099999 4285449571
-0.1440001 -0.073940285 0.37099999 4285777767
-0.14323434 -0.073740989 0.37 4285974633
-0.1428567 -0.073740989 0.37 4286303598
-0.047288731 -0.068758488 0.345 4293456848
-0.047072668 -0.068957783 0.34599999 4293587141
-0.046719532 -0.068957783 0.34599999 4292927919
-0.046366401 -0.068957783 0.34599999 4293716406
-0.046013266 -0.068957783 0.34599999 4294110650
-0.045660134 -0.068957783 0.34599999 4294176189
-0.045306999 -0.068957783 0.34599999 4294176707
-0.044247601 -0.068957783 0.34599999 4294110153
-0.043894466 -0.068957783 0.34599999 4293978823
-0.043541335 -0.068957783 0.34599999 4293979079
-0.043188199 -0.068957783 0.34599999 4293716419
-0.042835068 -0.068957783 0.34599999 4294177739
-0.042481933 -0.068957783 0.34599999 4294244046
-0.042128801 -0.068957783 0.34599999 4294112204
-0.041775666 -0.068957783 0.34599999 4292532919
-0.1470293 -0.073546775 0.37099999 4284461410
-0.14625536 -0.073348537 0.37 4284330592
-0.14589334 -0.073546775 0.37099999 4284332123
-0.1455147 -0.073546775 0.37099999 4284727391
-0.14513604 -0.073546775 0.37099999 4284990819
-0.14475739 -0.073546775 0.37099999 4285319014
-0.14437875 -0.073546775 0.37099999 4285712746
-0.1440001 -0.073546775 0.37099999 4285909356
-0.14362144 -0.073546775 0.37099999 4286171758
-0.047778934 -0.06859079 0.34599999 4289314468
-0.047425799 -0.06859079 0.34599999 4292734152
-0.04693662 -0.068392552 0.345 4293653959
-0.046719532 -0.06859079 0.34599999 4293455286
-0.046232395 -0.068392552 0.345 4293980600
-0.046013266 -0.06859079 0.34599999 4294243259
-0.045660134 -0.06859079 0.34599999 4294242749
-0.045306999 -0.06859079 0.34599999 4293913792
-0.044953868 -0.06859079 0.34599999 4293716676
-0.044600733 -0.06859079 0.34599999 4293716679
-0.044247601 -0.06859079 0.34599999 4293781961
-0.043894466 -0.06859079 0.34599999 4293847497
-0.043541335 -0.06859079 0.34599999 4293913031
-0.043188199 -0.06859079 0.34599999 4293650114
-0.042835068 -0.06859079 0.34599999 4294176714
-0.042481933 -0.06859079 0.34599999 4294308813
-0.042128801 -0.06859079 0.34599999 4294243021
-0.041775666 -0.06859079 0.34599999 4292598201
-0.041422535 -0.06859079 0.34599999 4279769109
-0.14627199 -0.073153265 0.37099999 4284660062
-0.14589334 -0.073153265 0.37099999 4284857696
-0.1455147 -0.073153265 0.37099999 4285121637
-0.14513604 -0.073153265 0.37099999 4285385066
-0.14475739 -0.073153265 0.37099999 4285713776
-0.14437875 -0.073153265 0.37099999 4285976180
-0.1440001 -0.073153265 0.37099999 4286172788
-0.14323434 -0.072956093 0.37 4286500469
-0.1428567 -0.072956093 0.37 4287026554
-0.048132066 -0.068223797 0.34599999 4280034078
-0.047778934 -0.068223797 0.34599999 4285825649
-0.047288731 -0.068026625 0.345 4291616445
-0.04693662 -0.068026625 0.345 4293523145
-0.046584506 -0.068026625 0.345 4293784765
-0.046232395 -0.068026625 0.345 4294046907
-0.04588028 -0.068026625 0.345 4294243773
-0.04552817 -0.068026625 0.345 4294111680
-0.045306999 -0.068223797 0.34599999 4293651137
-0.044953868 -0.068223797 0.34599999 4293651400
-0.044600733 -0.068223797 0.34599999 4293454025
-0.044247601 -0.068223797 0.34599999 4293453512
-0.043894466 -0.068223797 0.34599999 4293716168
-0.043541335 -0.068223797 0.34599999 4294044617
-0.043188199 -0.068223797 0.34599999 4293715652
-0.042835068 -0.068223797 0.34599999 4293847494
-0.042481933 -0.068223797 0.34599999 4294045130
-0.042128801 -0.068223797 0.34599999 4294242766
-0.041775666 -0.068223797 0.34599999 4292664252
-0.041422535 -0.068223797 0.34599999 4279769109
-0.14627199 -0.072759755 0.37099999 4285777770
-0.14589334 -0.072759755 0.37099999 4285909870
-0.1455147 -0.072759755 0.37099999 4285844593
-0.14513604 -0.072759755 0.37099999 4285713267
-0.14475739 -0.072759755 0.37099999 4285976442
-0.14437875 -0.072759755 0.37099999 4286304894
-0.1440001 -0.072759755 0.37099999 4286567038
-0.14362144 -0.072759755 0.37099999 4286829437
-0.1428567 -0.072563641 0.37 4287289471
-0.047640845 -0.067660689 0.345 4283587407
-0.047425799 -0.067856804 0.34599999 4290300333
-0.04693662 -0.067660689 0.345 4293391307
-0.046719532 -0.067856804 0.34599999 4293718978
-0.046232395 -0.067660689 0.345 4293784253
-0.04588028 -0.067660689 0.345 4294046656
-0.04552817 -0.067660689 0.345 4293914818
-0.045306999 -0.067856804 0.34599999 4293256641
-0.044953868 -0.067856804 0.34599999 4293651405
-0.044600733 -0.067856804 0.34599999 4293651150
-0.044247601 -0.067856804 0.34599999 4293453770
-0.043894466 -0.067856804 0.34599999 4293585096
-0.043541335 -0.067856804 0.34599999 4294176716
-0.043188199 -0.067856804 0.34599999 4293913031
-0.042835068 -0.067856804 0.34599999 4293847238
-0.042481933 -0.067856804 0.34599999 4293847752
-0.042128801 -0.067856804 0.34599999 4290689953
-0.041775666 -0.067856804 0.34599999 4282532408
-0.041422535 -0.067856804 0.34599999 4278650630
-0.14589334 -0.072366245 0.37099999 4285777007
-0.1455147 -0.072366245 0.37099999 4285777525
-0.14513604 -0.072366245 0.37099999 4285711737
-0.14475739 -0.072366245 0.37099999 4286370182
-0.14437875 -0.072366245 0.37099999 4286501255
-0.1440001 -0.072366245 0.37099999 4286632068
-0.14323434 -0.072171196 0.37 4286828673
-0.1428567 -0.072171196 0.37 4287090814
-0.047778934 -0.067489818 0.34599999 4282600002
-0.047425799 -0.067489818 0.34599999 4288786073
-0.047072668 -0.067489818 0.34599999 4293127371
-0.046584506 -0.067294762 0.345 4293916106
-0.046232395 -0.067294762 0.345 4293849796
-0.04588028 -0.067294762 0.345 4294112455
-0.04552817 -0.067294762 0.345 4294046154
-0.045306999 -0.067489818 0.34599999 4293387718
-0.044953868 -0.067489818 0.34599999 4293848274
-0.044600733 -0.067489818 0.34599999 4293782225
-0.044247601 -0.067489818 0.34599999 4293387464
-0.043894466 -0.067489818 0.34599999 4293387460
-0.043541335 -0.067489818 0.34599999 4294176716
-0.043188199 -0.067489818 0.34599999 4294110667
-0.042835068 -0.067489818 0.34599999 4293978825
-0.042481933 -0.067489818 0.34599999 4293979339
-0.042128801 -0.067489818 0.34599999 4289308560
-0.1440001 -0.071972743 0.37099999 4285116784
-0.047778934 -0.067122824 0.34599999 4278914058
-0.047425799 -0.067122824 0.34599999 4283256903
-0.047072668 -0.067122824 0.34599999 4292073662
-0.046719532 -0.067122824 0.34599999 4293915856
-0.046366401 -0.067122824 0.34599999 4293849545
-0.04588028 -0.066928826 0.345 4293914825
-0.045660134 -0.067122824 0.34599999 4294045388
-0.045176055 -0.066928826 0.345 4293847245
-0.044953868 -0.067122824 0.34599999 4293913042
-0.044600733 -0.067122824 0.34599999 4293781199
-0.044247601 -0.067122824 0.34599999 4293386694
-0.043894466 -0.067122824 0.34599999 4293255616
-0.043541335 -0.067122824 0.34599999 4293913543
-0.043188199 -0.067122824 0.34599999 4294176203
-0.041775666 -0.067122824 0.34599999 4289572245
-0.041422535 -0.067122824 0.34599999 4279440145
-0.047425799 -0.066755831 0.34599999 4281677360
-0.047072668 -0.066755831 0.34599999 4290296741
-0.046719532 -0.066755831 0.34599999 4293257672
-0.046232395 -0.066562898 0.345 4293651912
-0.04588028 -0.066562898 0.345 4293782984
-0.04552817 -0.066562898 0.345 4293979595
-0.045306999 -0.066755831 0.34599999 4294110161
-0.044953868 -0.066755831 0.34599999 4294109650
-0.04447183 -0.066562898 0.345 4294043600
-0.044247601 -0.066755831 0.34599999 4293978316
-0.043894466 -0.066755831 0.34599999 4294044618
-0.047425799 -0.066388838 0.34599999 4281151015
-0.047072668 -0.066388838 0.34599999 4288520330
-0.045176055 -0.066196963 0.345 4293848012
-0.04447183 -0.066196963 0.345 4293780937
-0.044247601 -0.066388838 0.34599999 4293978569
-0.047425799 -0.066021845 0.34599999 4280493087
-0.047072668 -0.066021845 0.34599999 4286349934
-0.047072668 -0.065654851 0.34599999 4279243279
-0.13670556 -0.05792883 0.30700001 4281484595
-0.13639222 -0.05792883 0.30700001 4284384353
-0.047208715 -0.065476559 0.347 4279045644
-0.046854563 -0.065476559 0.347 4285957232
-0.13626026 -0.057415571 0.30599999 4280299556
-0.13639222 -0.057603206 0.30700001 4283330132
-0.13207951 -0.057227939 0.30500001 4294835709
-0.13176823 -0.057227939 0.30500001 4294770174
-0.13145693 -0.057227939 0.30500001 4294573821
-0.13114564 -0.057227939 0.30500001 4294377211
-0.13040538 -0.057040304 0.30399999 4293983989
-0.13626026 -0.057091005 0.30599999 4279113490
-0.13594794 -0.057091005 0.30599999 4281946177
-0.13563564 -0.057091005 0.30599999 4284977266
-0.1323908 -0.056904435 0.30500001 4294377211
-0.13207951 -0.056904435 0.30500001 4294573565
-0.13176823 -0.056904435 0.30500001 4294704893
-0.13145693 -0.056904435 0.30500001 4294639358
-0.13071565 -0.056717861 0.30399999 4294180600
-0.13040538 -0.056717861 0.30399999 4293459181
-0.13009512 -0.056717861 0.30399999 4291949784
-0.12935793 -0.056531291 0.303 4289782967
-0.12904869 -0.056531291 0.303 4288668071
-0.12831455 -0.056344714 0.30199999 4288274851
-0.12800632 -0.056344714 0.30199999 4286827661
-0.12769809 -0.056344714 0.30199999 4284063332
-0.12738986 -0.056344714 0.30199999 4280639791
-0.12666085 -0.056158144 0.301 4279647258
-0.12635364 -0.056158144 0.301 4280763944
-0.069676057 -0.14589924 0.78200001 4291020221
-0.068877935 -0.14589924 0.78200001 4288653998
-0.068079814 -0.14589924 0.78200001 4286946987
-0.067195654 -0.14571267 0.78100002 4286227124
-0.066398554 -0.14571267 0.78100002 4286428616
-0.065601453 -0.14571267 0.78100002 4287944165
-0.13594794 -0.056766439 0.30599999 4280299047
-0.13563564 -0.056766439 0.30599999 4283594080
-0.13532333 -0.056766439 0.30599999 4286295947
-0.13301337 -0.056580931 0.30500001 4292345577
-0.13270208 -0.056580931 0.30500001 4293263348
-0.13164645 -0.056395415 0.30399999 4294115067
-0.13133618 -0.056395415 0.30399999 4294246138
-0.13102593 -0.056395415 0.30399999 4294246395
-0.13071565 -0.056395415 0.30399999 4293721844
-0.13040538 -0.056395415 0.30399999 4292606435
-0.12966718 -0.056209907 0.303 4290833608
-0.12935793 -0.056209907 0.303 4288797862
-0.12862277 -0.056024391 0.30199999 4288405405
-0.12831455 -0.056024391 0.30199999 4287616402
-0.12800632 -0.056024391 0.30199999 4285180783
-0.12769809 -0.056024391 0.30199999 4281756477
-0.12738986 -0.056024391 0.30199999 4278790160
-0.069676057 -0.14506979 0.78200001 4288850606
-0.068877935 -0.14506979 0.78200001 4287208618
-0.068079814 -0.14506979 0.78200001 4286619828
-0.067281693 -0.14506979 0.78200001 4286886599
-0.066483572 -0.14506979 0.78200001 4287679964
-0.065685444 -0.14506979 0.78200001 4288931825
-0.13594794 -0.056441873 0.30599999 4279443482
-0.13563564 -0.056441873 0.30599999 4282145868
-0.13532333 -0.056441873 0.30599999 4285571715
-0.13456981 -0.056257427 0.30500001 4286036873
-0.13425852 -0.056257427 0.30500001 4286236554
-0.13394724 -0.056257427 0.30500001 4286829201
-0.13363595 -0.056257427 0.30500001 4288275368
-0.13288753 -0.056072973 0.30399999 4290509262
-0.13257726 -0.056072973 0.30399999 4291690209
-0.13226698 -0.056072973 0.30399999 4292542191
-0.13195673 -0.056072973 0.30399999 4293131765
-0.13164645 -0.056072973 0.30399999 4293459703
-0.13133618 -0.056072973 0.30399999 4293590775
-0.13102593 -0.056072973 0.30399999 4293591030
-0.13071565 -0.056072973 0.30399999 4292935148
-0.13040538 -0.056072973 0.30399999 4291556310
-0.12966718 -0.055888522 0.303 4289585590
-0.12935793 -0.055888522 0.303 4287746454
-0.12862277 -0.055704072 0.30199999 4287944854
-0.12831455 -0.055704072 0.30199999 4286036346
-0.12800632 -0.055704072 0.30199999 4282610502
-0.12769809 -0.055704072 0.30199999 4279445782
-0.068877935 -0.14424035 0.78200001 4286553265
-0.068079814 -0.14424035 0.78200001 4287214024
-0.067367725 -0.1444248 0.78299999 4288335329
-0.066568583 -0.1444248 0.78299999 4289193713
-0.065769441 -0.1444248 0.78299999 4289721595
-0.13550368 -0.055933923 0.30500001 4278652171
-0.13519239 -0.055933923 0.30500001 4280498478
-0.13488109 -0.055933923 0.30500001 4284123756
-0.13456981 -0.055933923 0.30500001 4286167949
-0.13425852 -0.055933923 0.30500001 4286302093
-0.13350806 -0.05575053 0.30399999 4286763665
-0.13319778 -0.05575053 0.30399999 4288078501
-0.13288753 -0.05575053 0.30399999 4289984711
-0.13257726 -0.05575053 0.30399999 4291034586
-0.13226698 -0.05575053 0.30399999 4291755239
-0.13195673 -0.05575053 0.30399999 4292345071
-0.13164645 -0.05575053 0.30399999 4292738547
-0.13133618 -0.05575053 0.30399999 4292935669
-0.13102593 -0.05575053 0.30399999 4292804592
-0.13071565 -0.05575053 0.30399999 4291819744
-0.13040538 -0.05575053 0.30399999 4290177476
-0.12966718 -0.055567142 0.303 4288403366
-0.128931 -0.055383749 0.30199999 4287023758
-0.12862277 -0.055383749 0.30199999 4286366083
-0.12831455 -0.055383749 0.30199999 4283666779
-0.12800632 -0.055383749 0.30199999 4280368933
-0.069676057 -0.14341091 0.78200001 4286487982
-0.068966016 -0.14359429 0.78299999 4286490300
-0.068166867 -0.14359429 0.78299999 4287873751
-0.067367725 -0.14359429 0.78299999 4289520369
-0.066568583 -0.14359429 0.78299999 4290377724
-0.065769441 -0.14359429 0.78299999 4290182143
-0.13519239 -0.055610418 0.30500001 4279574810
-0.13488109 -0.055610418 0.30500001 4283201372
-0.1341286 -0.055428084 0.30399999 4286166924
-0.13381833 -0.055428084 0.30399999 4286498704
-0.13350806 -0.055428084 0.30399999 4286828946
-0.13319778 -0.055428084 0.30399999 4287881379
-0.13288753 -0.055428084 0.30399999 4289722051
-0.13257726 -0.055428084 0.30399999 4290640596
-0.13226698 -0.055428084 0.30399999 4291099105
-0.13195673 -0.055428084 0.30399999 4291558122
-0.13164645 -0.055428084 0.30399999 4292017648
-0.13133618 -0.055428084 0.30399999 4292280306
-0.13102593 -0.055428084 0.30399999 4291886569
-0.13028567 -0.055245757 0.303 4290375117
-0.12997642 -0.055245757 0.303 4288666544
-0.12923923 -0.055063426 0.30199999 4287352217
-0.128931 -0.055063426 0.30199999 4286563466
-0.12862277 -0.055063426 0.30199999 4284457322
-0.12831455 -0.055063426 0.30199999 4280962864
-0.12800632 -0.055063426 0.30199999 4278851341
-0.068966016 -0.14276379 0.78299999 4287085262
-0.068253927 -0.14294611 0.78399998 4288730854
-0.067453764 -0.14294611 0.78399998 4290244857
-0.066653602 -0.14294611 0.78399998 4290837759
-0.065937437 -0.14312845 0.78500003 4290115838
-0.13474913 -0.055105641 0.30399999 4279376918
-0.13443886 -0.055105641 0.30399999 4282542161
-0.1341286 -0.055105641 0.30399999 4286099595
-0.13381833 -0.055105641 0.30399999 4286694803
-0.13350806 -0.055105641 0.30399999 4287025559
-0.13319778 -0.055105641 0.30399999 4288012454
-0.13288753 -0.055105641 0.30399999 4289721538
-0.13257726 -0.055105641 0.30399999 4290575061
-0.13226698 -0.055105641 0.30399999 4290837216
-0.13195673 -0.055105641 0.30399999 4291165162
-0.13164645 -0.055105641 0.30399999 4291427823
-0.13133618 -0.055105641 0.30399999 4291493613
-0.13059492 -0.054924376 0.303 4290836958
-0.13028567 -0.054924376 0.303 4288930491
-0.12954745 -0.054743104 0.30199999 4287418271
-0.12923923 -0.054743104 0.30199999 4286300042
-0.128931 -0.054743104 0.30199999 4284983924
-0.12862277 -0.054743104 0.30199999 4282218825
-0.12831455 -0.054743104 0.30199999 4279247380
-0.069054089 -0.14211455 0.78399998 4288074464
-0.068253927 -0.14211455 0.78399998 4289653748
-0.067539804 -0.14229582 0.78500003 4290574589
-0.06673862 -0.14229582 0.78500003 4290509053
-0.065937437 -0.14229582 0.78500003 4289128694
-0.13474913 -0.054783199 0.30399999 4278981904
-0.13443886 -0.054783199 0.30399999 4281422143
-0.1341286 -0.054783199 0.30399999 4285308543
-0.13381833 -0.054783199 0.30399999 4286233230
-0.13350806 -0.054783199 0.30399999 4286827158
-0.13319778 -0.054783199 0.30399999 4288011687
-0.13288753 -0.054783199 0.30399999 4289917893
-0.13257726 -0.054783199 0.30399999 4290706650
-0.13226698 -0.054783199 0.30399999 4290968807
-0.13152266 -0.054602992 0.303 4291034606
-0.13121341 -0.054602992 0.303 4291100655
-0.13090417 -0.054602992 0.303 4290903527
-0.13016391 -0.054422781 0.30199999 4289786576
-0.12985568 -0.054422781 0.30199999 4287945134
-0.12954745 -0.054422781 0.30199999 4286497938
-0.12923923 -0.054422781 0.30199999 4284918134
-0.128931 -0.054422781 0.30199999 4282547023
-0.12862277 -0.054422781 0.30199999 4279379991
-0.12788968 -0.054242574 0.301 4278454533
-0.13443886 -0.054460753 0.30399999 4279311125
-0.1341286 -0.054460753 0.30399999 4283727718
-0.13381833 -0.054460753 0.30399999 4285902987
-0.13350806 -0.054460753 0.30399999 4286891928
-0.13275965 -0.054281607 0.303 4287944871
-0.1324504 -0.054281607 0.303 4289983176
-0.13214116 -0.054281607 0.303 4290969056
-0.1318319 -0.054281607 0.303 4291100397
-0.13152266 -0.054281607 0.303 4291035120
-0.13078035 -0.054102458 0.30199999 4290772715
-0.13047214 -0.054102458 0.30199999 4290312670
-0.13016391 -0.054102458 0.30199999 4288405946
-0.12985568 -0.054102458 0.30199999 4286892701
-0.12954745 -0.054102458 0.30199999 4285576325
-0.12923923 -0.054102458 0.30199999 4283666789
-0.128931 -0.054102458 0.30199999 4280702260
-0.12819688 -0.053923313 0.301 4278454534
-0.13399664 -0.053960226 0.303 4278651657
-0.13368739 -0.053960226 0.303 4282213198
-0.13337813 -0.053960226 0.303 4285178239
-0.13306889 -0.053960226 0.303 4286825369
-0.13275965 -0.053960226 0.303 4288141999
-0.1324504 -0.053960226 0.303 4290180817
-0.13170503 -0.053782135 0.30199999 4290969318
-0.13139682 -0.053782135 0.30199999 4291100656
-0.13108858 -0.053782135 0.30199999 4290903790
-0.13078035 -0.053782135 0.30199999 4290246880
-0.13047214 -0.053782135 0.30199999 4288997831
-0.13016391 -0.053782135 0.30199999 4287155876
-0.12985568 -0.053782135 0.30199999 4286431380
-0.12954745 -0.053782135 0.30199999 4284785528
-0.12923923 -0.053782135 0.30199999 4281951303
-0.12850408 -0.053604051 0.301 4278521096
-0.1335544 -0.053461812 0.30199999 4278520071
-0.13324617 -0.053461812 0.30199999 4281422656
-0.13293794 -0.053461812 0.30199999 4284255855
-0.13262971 -0.053461812 0.30199999 4286364564
-0.13232149 -0.053461812 0.30199999 4288208564
-0.13201326 -0.053461812 0.30199999 4290116567
-0.13170503 -0.053461812 0.30199999 4290510563
-0.13139682 -0.053461812 0.30199999 4290707434
-0.13108858 -0.053461812 0.30199999 4290444261
-0.13078035 -0.053461812 0.30199999 4289326287
-0.13047214 -0.053461812 0.30199999 4287221415
-0.13016391 -0.053461812 0.30199999 4286037134
-0.12985568 -0.053461812 0.30199999 4284785784
-0.12954745 -0.053461812 0.30199999 4281488444
-0.12881128 -0.05328479 0.301 4278520071
-0.1335544 -0.05314149 0.30199999 4278520071
-0.13324617 -0.05314149 0.30199999 4281487937
-0.13293794 -0.05314149 0.30199999 4283991915
-0.13262971 -0.05314149 0.30199999 4286627225
-0.13232149 -0.05314149 0.30199999 4288932291
-0.13201326 -0.05314149 0.30199999 4290182879
-0.13170503 -0.05314149 0.30199999 4290183139
-0.13096173 -0.052965529 0.301 4290379492
-0.13108858 -0.05314149 0.30199999 4289787352
-0.13078035 -0.05314149 0.30199999 4288208571
-0.13047214 -0.05314149 0.30199999 4285774480
-0.12973291 -0.052965529 0.301 4283602281
-0.1294257 -0.052965529 0.301 4282021197
-0.12911849 -0.052965529 0.301 4279776546
-0.13311216 -0.052646264 0.301 4278388228
-0.13280496 -0.052646264 0.301 4280039209
-0.13249776 -0.052646264 0.301 4283728745
-0.13219056 -0.052646264 0.301 4287087779
-0.13188334 -0.052646264 0.301 4289327053
-0.13157614 -0.052646264 0.301 4290117345
-0.13126893 -0.052646264 0.301 4290052066
-0.13096173 -0.052646264 0.301 4290117344
-0.13065451 -0.052646264 0.301 4289195981
-0.13034731 -0.052646264 0.301 4287156394
-0.13004011 -0.052646264 0.301 4284458109
-0.12973291 -0.052646264 0.301 4282416726
-0.1294257 -0.052646264 0.301 4279378968
-0.13236375 -0.052153163 0.30000001 4279315489
-0.13205756 -0.052153163 0.30000001 4283728236
-0.13175139 -0.052153163 0.30000001 4287548078
-0.1314452 -0.052153163 0.30000001 4289852888
-0.13113901 -0.052153163 0.30000001 4290313957
-0.13083282 -0.052153163 0.30000001 4290117602
-0.13052665 -0.052153163 0.30000001 4289854171
-0.13022046 -0.052153163 0.30000001 4288538306
-0.12991427 -0.052153163 0.30000001 4286235036
-0.13004011 -0.052327003 0.301 4283273580
-0.12930191 -0.052153163 0.30000001 4280245049
-0.1322277 -0.051662177 0.29899999 4278322436
-0.13192253 -0.051662177 0.29899999 4279184165
-0.13161737 -0.051662177 0.29899999 4283596914
-0.13131221 -0.051662177 0.29899999 4287679414
-0.13100705 -0.051662177 0.29899999 4289984478
-0.13070187 -0.051662177 0.29899999 4290182373
-0.13039671 -0.051662177 0.29899999 4290313958
-0.13009155 -0.051662177 0.29899999 4289919452
-0.13022046 -0.051834963 0.30000001 4288274880
-0.12948121 -0.051662177 0.29899999 4285379472
-0.12960809 -0.051834963 0.30000001 4281562196
-0.1322277 -0.051345035 0.29899999 4278322437
-0.13192253 -0.051345035 0.29899999 4279382065
-0.13161737 -0.051345035 0.29899999 4284255365
-0.13131221 -0.051345035 0.29899999 4288140485
-0.13100705 -0.051345035 0.29899999 4290181606
-0.13070187 -0.051345035 0.29899999 4290378986
-0.13039671 -0.051345035 0.29899999 4290444778
-0.13009155 -0.051345035 0.29899999 4289919200
-0.12978639 -0.051345035 0.29899999 4287879869
-0.1322277 -0.051027894 0.29899999 4278322695
-0.13192253 -0.051027894 0.29899999 4279778112
-0.13161737 -0.051027894 0.29899999 4284980121
-0.13131221 -0.051027894 0.29899999 4288732885
-0.13100705 -0.051027894 0.29899999 4290313198
-0.13070187 -0.051027894 0.29899999 4290510320
-0.13039671 -0.051027894 0.29899999 4290378733
-0.13009155 -0.051027894 0.29899999 4289984228
-0.12978639 -0.051027894 0.29899999 4287681469
-0.13178547 -0.050541155 0.29800001 4278454281
-0.13148132 -0.050541155 0.29800001 4280502608
-0.13117719 -0.050541155 0.29800001 4285704104
-0.13087304 -0.050541155 0.29800001 4289127648
-0.13056889 -0.050541155 0.29800001 4290510068
-0.13026474 -0.050541155 0.29800001 4290575346
-0.12996061 -0.050541155 0.29800001 4290641138
-0.12965646 -0.050541155 0.29800001 4289983719
-0.13178547 -0.050225075 0.29800001 4278585867
-0.13104011 -0.050056532 0.29699999 4281818725
-0.13043386 -0.050056532 0.29699999 4289587944
-0.13013074 -0.050056532 0.29699999 4290706936
-0.12982762 -0.050056532 0.29699999 4290772213
-0.12952448 -0.050056532 0.29699999 4290903541
-0.12922136 -0.050056532 0.29699999 4289983207
-0.12891825 -0.050056532 0.29699999 4287153337
-0.13134323 -0.049741514 0.29699999 4278717453
-0.13104011 -0.049741514 0.29699999 4282937464
-0.13073698 -0.049741514 0.29699999 4287414724
-0.13043386 -0.049741514 0.29699999 4289982188
-0.13013074 -0.049741514 0.29699999 4290903543
-0.12982762 -0.049741514 0.29699999 4291034614
-0.12952448 -0.049741514 0.29699999 4291231479
-0.12922136 -0.049741514 0.29699999 4290048228
-0.13134323 -0.049426492 0.29699999 4278783246
-0.13104011 -0.049426492 0.29699999 4283528834
-0.13073698 -0.049426492 0.29699999 4287940555
-0.13043386 -0.049426492 0.29699999 4290310637
-0.13013074 -0.049426492 0.29699999 4291100407
-0.12982762 -0.049426492 0.29699999 4291297015
-0.12952448 -0.049426492 0.29699999 4291428085
-0.12922136 -0.049426492 0.29699999 4290178527
-0.12891825 -0.049426492 0.29699999 4286493093
-0.13134323 -0.049111474 0.29699999 4278849039
-0.13104011 -0.049111474 0.29699999 4283989385
-0.13073698 -0.049111474 0.29699999 4288400592
-0.13043386 -0.049111474 0.29699999 4290638832
-0.13013074 -0.049111474 0.29699999 4291362551
-0.12939049 -0.04894612 0.296 4291559416
-0.12908839 -0.04894612 0.296 4291558900
-0.12878628 -0.04894612 0.296 4290177498
-0.1312031 -0.04863216 0.296 4278257419
-0.13090101 -0.04863216 0.296 4279051057
-0.1305989 -0.04863216 0.296 4284648343
-0.1302968 -0.04863216 0.296 4288926167
-0.12999469 -0.04863216 0.296 4290966771
-0.1296926 -0.04863216 0.296 4291624441
-0.12939049 -0.04863216 0.296 4291690233
-0.12908839 -0.04863216 0.296 4291690230
-0.1312031 -0.048318204 0.296 4278389778
-0.13090101 -0.048318204 0.296 4279448902
-0.1305989 -0.048318204 0.296 4285307043
-0.1302968 -0.048318204 0.296 4289387231
-0.12999469 -0.048318204 0.296 4291360503
-0.1296926 -0.048318204 0.296 4291821051
-0.1312031 -0.048004244 0.296 4278522133
-0.13090101 -0.048004244 0.296 4280173650
-0.1305989 -0.048004244 0.296 4285965999
-0.1302968 -0.048004244 0.296 4289848552
-0.12999469 -0.048004244 0.296 4291623932
-0.1296926 -0.048004244 0.296 4292017917
-0.13075985 -0.047529165 0.29499999 4278587926
-0.13045876 -0.047529165 0.29499999 4280306006
-0.055708513 -0.076391175 0.50400001 4288210421
-0.055194121 -0.076391175 0.50400001 4288738813
-0.054679733 -0.076391175 0.50400001 4289001982
-0.054272812 -0.076542743 0.505 4288671993
-0.052726578 -0.076542743 0.505 4285114312
-0.052107777 -0.076391175 0.50400001 4284719040
-0.051593386 -0.076391175 0.50400001 4283731630
-0.056624722 -0.075706095 0.50300002 4286693595
-0.056222904 -0.075856596 0.50400001 4287617776
-0.055708513 -0.075856596 0.50400001 4288344060
-0.055194121 -0.075856596 0.50400001 4288739581
-0.054679733 -0.075856596 0.50400001 4288870652
-0.054272812 -0.076007105 0.505 4288211443
-0.051593386 -0.075856596 0.50400001 4283203230
-0.056624722 -0.075172573 0.50300002 4287090663
-0.056222904 -0.075322017 0.50400001 4287816436
-0.055597983 -0.075172573 0.50300002 4288476157
-0.055194121 -0.075322017 0.50400001 4288674045
-0.054679733 -0.075322017 0.50400001 4288409848
-0.054165341 -0.075322017 0.50400001 4287289834
-0.053650949 -0.075322017 0.50400001 4286037465
-0.052622169 -0.075322017 0.50400001 4283926958
-0.052004389 -0.075172573 0.50300002 4283530399
-0.051491022 -0.075172573 0.50300002 4281552998
-0.056624722 -0.07463906 0.50300002 4287749615
-0.056222904 -0.074787445 0.50400001 4288408824
-0.055597983 -0.07463906 0.50300002 4288607229
-0.055194121 -0.074787445 0.50400001 4288344059
-0.054679733 -0.074787445 0.50400001 4287224555
-0.054165341 -0.074787445 0.50400001 4285907160
-0.053650949 -0.074787445 0.50400001 4284852167
-0.053136561 -0.074787445 0.50400001 4284257207
-0.052622169 -0.074787445 0.50400001 4283201693
-0.052004389 -0.07463906 0.50300002 4280695629
-0.051491022 -0.07463906 0.50300002 4278980886
-0.056624722 -0.074105538 0.50300002 4288868089
-0.056222904 -0.074252866 0.50400001 4289065723
-0.055597983 -0.074105538 0.50300002 4288408056
-0.055084612 -0.074105538 0.50300002 4287815667
-0.054679733 -0.074252866 0.50400001 4286037976
-0.054165341 -0.074252866 0.50400001 4284654787
-0.053650949 -0.074252866 0.50400001 4283534511
-0.053136561 -0.074252866 0.50400001 4282215822
-0.052622169 -0.074252866 0.50400001 4279575342
-0.052004389 -0.074105538 0.50300002 4278519818
-0.056624722 -0.073572025 0.50300002 4289656829
-0.056111351 -0.073572025 0.50300002 4289064698
-0.055597983 -0.073572025 0.50300002 4288077297
-0.055084612 -0.073572025 0.50300002 4287089894
-0.054571241 -0.073572025 0.50300002 4285377482
-0.053650949 -0.073718287 0.50400001 4283072161
-0.053031132 -0.073572025 0.50300002 4281819007
-0.052517761 -0.073572025 0.50300002 4278586126
-0.056624722 -0.073038504 0.50300002 4289589498
-0.056111351 -0.073038504 0.50300002 4288404976
-0.055597983 -0.073038504 0.50300002 4286957024
-0.055084612 -0.073038504 0.50300002 4285639883
-0.054571241 -0.073038504 0.50300002 4284585654
-0.05405787 -0.073038504 0.50300002 4283597219
-0.053544503 -0.073038504 0.50300002 4281685358
-0.05260941 -0.072457679 0.49900001 4278585613
-0.19714564 -0.061182544 0.45100001 4292148472
-0.051450092 -0.053721257 0.396 4279048227
-0.19808634 -0.060569577 0.44999999 4292870139
-0.19806623 -0.060704179 0.45100001 4292870139
-0.19760594 -0.060704179 0.45100001 4292607995
-0.19714564 -0.060704179 0.45100001 4291886326
-0.19668534 -0.060704179 0.45100001 4290111201
-0.052258421 -0.05330123 0.396 4278520077
-0.051854257 -0.05330123 0.396 4279444015
-0.051450092 -0.05330123 0.396 4280367697
-0.19808634 -0.060092278 0.44999999 4292870141
-0.19762707 -0.060092278 0.44999999 4292804604
-0.19760594 -0.060225818 0.45100001 4292542460
-0.19714564 -0.060225818 0.45100001 4291886327
-0.19668534 -0.060225818 0.45100001 4290111200
-0.052795574 -0.053014744 0.39700001 4279047965
-0.052258421 -0.052881204 0.396 4280038209
-0.051854257 -0.052881204 0.396 4280434259
-0.051450092 -0.052881204 0.396 4281421671
-0.19808634 -0.059614975 0.44999999 4292739069
-0.19762707 -0.059614975 0.44999999 4292673532
-0.19760594 -0.059747454 0.45100001 4292411388
-0.19714564 -0.059747454 0.45100001 4291886329
-0.19668534 -0.059747454 0.45100001 4290176479
-0.052795574 -0.05259366 0.39700001 4279839282
-0.052258421 -0.052461181 0.396 4281290851
-0.051854257 -0.052461181 0.396 4281093219
-0.19808634 -0.059137672 0.44999999 4292607740
-0.19762707 -0.059137672 0.44999999 4292607740
-0.19760594 -0.059269093 0.45100001 4292345596
-0.19714564 -0.059269093 0.45100001 4291820792
-0.19668534 -0.059269093 0.45100001 4290110172
-0.19808634 -0.058660373 0.44999999 4292542460
-0.19762707 -0.058660373 0.44999999 4292607997
-0.19760594 -0.058790732 0.45100001 4292345851
-0.19714564 -0.058790732 0.45100001 4291754740
-0.19668534 -0.058790732 0.45100001 4289846996
-0.19810441 -0.058053777 0.449 4292017144
-0.19762707 -0.05818307 0.44999999 4292673534
-0.19760594 -0.058312368 0.45100001 4292542460
-0.19714564 -0.058312368 0.45100001 4291951603
-0.19668534 -0.058312368 0.45100001 4289846480
-0.19714564 -0.057834007 0.45100001 4292082675
-0.19458257 -0.041022487 0.44 4288928724
-0.19413349 -0.041022487 0.44 4290640880
-0.19458839 -0.040463619 0.43900001 4283792252
-0.19414034 -0.040463619 0.43900001 4288862675
-0.19369228 -0.040463619 0.43900001 4290575087
-0.19368443 -0.04055579 0.44 4290837999
-0.19414788 -0.039815761 0.43700001 4279905068
-0.19414513 -0.039906874 0.43799999 4283595899
-0.19369809 -0.039906874 0.43799999 4288665552
-0.19369228 -0.039997987 0.43900001 4290640624
-0.19368443 -0.040089097 0.44 4290903792
-0.19414788 -0.039352249 0.43700001 4279840045
-0.19370188 -0.039352249 0.43700001 4283399291
-0.19369809 -0.039442301 0.43799999 4288205515
-0.19369228 -0.039532352 0.43900001 4290706161
-0.19324423 -0.039532352 0.43900001 4291100403
-0.19325934 -0.038249362 0.435 4279313702
-0.14067309 -0.079576261 0.90499997 4284593112
-0.14831537 -0.07974565 0.91799998 4287292410
-0.14657573 -0.079311304 0.91299999 4286964986
-0.14532487 -0.079137571 0.91100001 4286571002
-0.14407808 -0.078963831 0.90899998 4286044405
-0.1426779 -0.078703225 0.90600002 4285319146
-0.14128384 -0.078442618 0.903 4284199128
-0.14020678 -0.078355752 0.90200001 4282815933
-0.13928618 -0.078355752 0.90200001 4282551217
-0.13836558 -0.078355752 0.90200001 4282220450
-0.14500581 -0.077999681 0.90899998 4285847281
-0.14360258 -0.077742256 0.90600002 4284859878
-0.14204797 -0.077399023 0.90200001 4284069083
-0.14750755 -0.077374525 0.91299999 4287292664
-0.14593355 -0.077035531 0.90899998 4286241005
-0.14436772 -0.076696537 0.90499997 4285319654
-0.14296857 -0.076442301 0.90200001 4284594909
-0.14141804 -0.076103307 0.898 4284067028
-0.14034507 -0.076018564 0.89700001 4283604680
-0.13927414 -0.075933814 0.89600003 4282418091
-0.13835967 -0.075933814 0.89600003 4282022044
-0.1374452 -0.075933814 0.89600003 4281362569
-0.13668311 -0.076018564 0.89700001 4280041814
-0.17278363 -0.085193254 1.018 4278854955
-0.17174464 -0.085193254 1.018 4279846484
-0.17070566 -0.085193254 1.018 4281428094
-0.15558818 -0.07958623 0.95099998 4287619834
-0.14545193 -0.075820327 0.90600002 4286502636
-0.14388916 -0.075485572 0.90200001 4285646305
-0.14233457 -0.075150825 0.898 4284920789
-0.14110309 -0.074983455 0.89600003 4283866562
-0.1398757 -0.074816078 0.89399999 4282614441
-0.13880782 -0.074732393 0.89300001 4282152346
-0.13820525 -0.074899763 0.89499998 4281822606
-0.1371384 -0.074816078 0.89399999 4280238163
-0.17365186 -0.084030859 1.017 4279049763
-0.17261389 -0.084030859 1.017 4280106825
-0.17174464 -0.084113494 1.018 4281623926
-0.17070566 -0.084113494 1.018 4283665830
-0.1502278 -0.076346628 0.92400002 4287554809
-0.14245346 -0.073785216 0.89300001 4285051855
-0.14138354 -0.073702589 0.89200002 4284062651
-0.14047316 -0.073702589 0.89200002 4283271338
-0.13956277 -0.073702589 0.89200002 4282282902
-0.13865238 -0.073702589 0.89200002 4281162878
-0.1378964 -0.073785216 0.89300001 4280636017
-0.1368316 -0.073702589 0.89200002 4279314230
-0.17468983 -0.082952164 1.017 4278387974
-0.17365186 -0.082952164 1.017 4280102970
-0.17261389 -0.082952164 1.017 4280765016
-0.17157593 -0.082952164 1.017 4282676360
-0.17053796 -0.082952164 1.017 4284981948
-0.16949999 -0.082952164 1.017 4286563041
-0.16846202 -0.082952164 1.017 4287682551
-0.16709481 -0.082789034 1.015 4288078332
-0.14181536 -0.07251177 0.889 4283470768
-0.14090805 -0.07251177 0.889 4283074212
-0.14000072 -0.07251177 0.889 4283270050
-0.13924985 -0.072593339 0.88999999 4283071129
-0.1383415 -0.072593339 0.88999999 4281687932
-0.13758756 -0.0726749 0.89099997 4279312427
-0.13667819 -0.0726749 0.89099997 4278322181
-0.1757278 -0.081873462 1.017 4278914579
-0.17468983 -0.081873462 1.017 4280561728
-0.17365186 -0.081873462 1.017 4280498763
-0.17261389 -0.081873462 1.017 4282147188
-0.17174464 -0.081953965 1.018 4284453031
-0.17070566 -0.081953965 1.018 4286626775
-0.16846202 -0.081873462 1.017 4288011516
-0.16709481 -0.081712455 1.015 4287946749
-0.1427227 -0.071568839 0.889 4283998393
-0.14181536 -0.071568839 0.889 4282943908
-0.14090805 -0.071568839 0.889 4282481815
-0.14000072 -0.071568839 0.889 4282085771
-0.13909338 -0.071568839 0.889 4281096303
-0.13818605 -0.071568839 0.889 4278586384
-0.1757278 -0.080794759 1.017 4278784278
-0.17486161 -0.080874205 1.018 4280236362
-0.17382261 -0.080874205 1.018 4281686380
-0.17278363 -0.080874205 1.018 4284517796
-0.17174464 -0.080874205 1.018 4286362829
-0.16846202 -0.080794759 1.017 4287683322
-0.14240162 -0.070467018 0.88700002 4282880938
-0.14149633 -0.070467018 0.88700002 4282944933
-0.14059104 -0.070467018 0.88700002 4282877086
-0.13984324 -0.070546456 0.88800001 4282480787
-0.13909338 -0.070625901 0.889 4281491319
-0.13818605 -0.070625901 0.889 4278520333
-0.1771134 -0.079872832 1.0190001 4278719515
-0.17607339 -0.079872832 1.0190001 4279447103
-0.17503339 -0.079872832 1.0190001 4280238680
-0.17399338 -0.079872832 1.0190001 4282675593
-0.17295337 -0.079872832 1.0190001 4284717491
-0.17174464 -0.079794444 1.018 4286496216
-0.17070566 -0.079794444 1.018 4287616754
-0.16966666 -0.079794444 1.018 4287946750
-0.16895896 -0.079951204 1.02 4287421692
-0.1675887 -0.079794444 1.018 4286895862
-0.14117728 -0.069369428 0.88499999 4281959061
-0.14027403 -0.069369428 0.88499999 4281628043
-0.13968575 -0.069526203 0.88700002 4281757062
-0.13878047 -0.069526203 0.88700002 4281555569
-0.13818605 -0.069682963 0.889 4278585869
-0.17867789 -0.079023965 1.022 4278322438
-0.17763482 -0.079023965 1.022 4279247147
-0.17624617 -0.07886932 1.02 4280567129
-0.17520514 -0.07886932 1.02 4281885563
-0.17416412 -0.07886932 1.02 4284124842
-0.17312308 -0.07886932 1.02 4285706701
-0.17191336 -0.078792006 1.0190001 4286696165
-0.17087334 -0.078792006 1.0190001 4287289845
-0.17033333 -0.079023965 1.022 4287422973
-0.16929026 -0.079023965 1.022 4286831611
-0.13937078 -0.068430737 0.88499999 4279515461
-0.17955205 -0.078321271 1.027 4279050283
-0.17798245 -0.078092493 1.024 4280698714
-0.17659174 -0.077939965 1.022 4282411394
-0.17554867 -0.077939965 1.022 4283729570
-0.17450561 -0.077939965 1.022 4285771726
-0.17346254 -0.077939965 1.022 4286892776
-0.17208205 -0.077787437 1.02 4287158260
-0.17104103 -0.077787437 1.02 4286962424
-0.17 -0.077787437 1.02 4286568695
-0.17972688 -0.077307172 1.028 4279709502
-0.17850387 -0.077231966 1.027 4281621877
-0.17711012 -0.077081561 1.025 4283335068
-0.17589223 -0.07700637 1.024 4284521658
-0.17484713 -0.07700637 1.024 4286102748
-0.17346254 -0.076855958 1.022 4287091442
-0.17241946 -0.076855958 1.022 4287224570
-0.17104103 -0.07670556 1.02 4286896891
-0.18130364 -0.076439224 1.031 4278652953
-0.18025137 -0.076439224 1.031 4280237908
-0.17885152 -0.076290943 1.029 4282150536
-0.17745569 -0.076142654 1.027 4283995569
-0.17606398 -0.07599438 1.025 4285510866
-0.17501786 -0.07599438 1.025 4286762476
-0.173802 -0.075920239 1.024 4287158521
-0.17241946 -0.07577195 1.022 4287159036
-0.17137639 -0.07577195 1.022 4286896123
-0.18270963 -0.075491831 1.033 4278322440
-0.18130364 -0.075345673 1.031 4279447623
-0.18025137 -0.075345673 1.031 4280964722
-0.17919913 -0.075345673 1.031 4282744474
-0.1778013 -0.075199515 1.029 4284457920
-0.17640753 -0.075053349 1.027 4285973216
-0.17535935 -0.075053349 1.027 4286961140
-0.17397173 -0.074907191 1.025 4287159034
-0.1727569 -0.074834116 1.024 4287158780
-0.18411972 -0.074540198 1.035 4278388233
-0.18306337 -0.074540198 1.035 4278982950
-0.1818312 -0.074468181 1.034 4280106840
-0.18077588 -0.074468181 1.034 4282150281
-0.17954674 -0.074396163 1.033 4283995570
-0.17849244 -0.074396163 1.033 4285314000
-0.17709461 -0.074252121 1.031 4286237158
-0.1846534 -0.073655285 1.038 4278849559
-0.183594 -0.073655285 1.038 4280499027
-0.18235874 -0.073584318 1.0369999 4281819513
-0.18130036 -0.073584318 1.0369999 4283796389
-0.18024197 -0.073584318 1.0369999 4285443529
-0.17901082 -0.073513366 1.036 4286432481
-0.18058962 -0.072624207 1.039 4286365913
-0.18005052 -0.045275245 0.995 4286237156
-0.17885508 -0.04522974 0.99400002 4286829552
-0.18142998 -0.044308759 0.99699998 4285512403
-0.18041243 -0.044308759 0.99699998 4286237670
-0.17885508 -0.044175435 0.99400002 4286698736
-0.18651776 -0.043251272 0.99699998 4278519818
-0.18605837 -0.043381415 1 4281552219
-0.18503776 -0.043381415 1 4281753712
-0.18401715 -0.043381415 1 4282678414
-0.18281354 -0.043338038 0.99900001 4283931567
-0.18142998 -0.043251272 0.99699998 4284723399
-0.18005052 -0.04316451 0.995 4285777632
-0.1784952 -0.043034364 0.99199998 4286633457
-0.17748275 -0.043034364 0.99199998 4286698993
-0.18651776 -0.042193785 0.99699998 4278519817
-0.18587232 -0.042278428 0.99900001 4281091926
-0.18485273 -0.042278428 0.99900001 4281951092
-0.18383314 -0.042278428 0.99900001 4283007122
-0.18244754 -0.042193785 0.99699998 4283997359
-0.18106604 -0.042109143 0.995 4284657603
-0.17950766 -0.041982181 0.99199998 4285777885
-0.1784952 -0.041982181 0.99199998 4286567661
-0.17694601 -0.04185522 0.98900002 4286370028
-0.17575872 -0.041812897 0.98799998 4285645534
-0.17457348 -0.041770577 0.98699999 4284854220
-0.17356613 -0.041770577 0.98699999 4284193208
-0.18651776 -0.041136295 0.99699998 4278519818
-0.18587232 -0.041218817 0.99900001 4281223001
-0.18485273 -0.041218817 0.99900001 4282542460
-0.18346509 -0.041136295 0.99699998 4283598745
-0.18244754 -0.041136295 0.99699998 4284720566
-0.18106604 -0.041053776 0.995 4285907153
-0.17986956 -0.041012518 0.99400002 4286698214
-0.1784952 -0.040929995 0.99199998 4286633194
-0.17712493 -0.040847477 0.99000001 4286040803
-0.17575872 -0.040764954 0.98799998 4285250261
-0.17457348 -0.040723696 0.98699999 4284524740
-0.17356613 -0.040723696 0.98699999 4284258230
-0.17255878 -0.040723696 0.98699999 4282940568
-0.18651776 -0.040078808 0.99699998 4278519818
-0.18587232 -0.040159207 0.99900001 4281420125
-0.18485273 -0.040159207 0.99900001 4282608512
-0.18383314 -0.040159207 0.99900001 4283796380
-0.18244754 -0.040078808 0.99699998 4285246908
-0.18106604 -0.039998408 0.995 4286959325
-0.17950766 -0.03987781 0.99199998 4286829284
-0.1784952 -0.03987781 0.99199998 4286567143
-0.17694601 -0.039757214 0.98900002 4285843423
-0.17575872 -0.039717011 0.98799998 4285052625
-0.17457348 -0.039676812 0.98699999 4284590275
-0.17356613 -0.039676812 0.98699999 4284258228
-0.17255878 -0.039676812 0.98699999 4282940053
-0.18753532 -0.039021317 0.99699998 4278519820
-0.18689191 -0.039099596 0.99900001 4279574319
-0.18587232 -0.039099596 0.99900001 4281354850
-0.18503776 -0.039138734 1 4282477440
-0.18401715 -0.039138734 1 4283862430
-0.18244754 -0.039021317 0.99699998 4285444543
-0.18142998 -0.039021317 0.99699998 4286959838
-0.17950766 -0.038825624 0.99199998 4286566880
-0.1784952 -0.038825624 0.99199998 4286238690
-0.17730384 -0.038786486 0.991 4285383128
-0.17575872 -0.038669068 0.98799998 4284658380
-0.17457348 -0.03862993 0.98699999 4284524996
-0.17356613 -0.03862993 0.98699999 4283732398
-0.17255878 -0.03862993 0.98699999 4282611089
-0.17155144 -0.03862993 0.98699999 4281884537
-0.187079 -0.038078066 1 4280234316
-0.18605837 -0.038078066 1 4281685103
-0.18503776 -0.038078066 1 4282609799
-0.18383314 -0.038039986 0.99900001 4283797409
-0.18244754 -0.03796383 0.99699998 4285182141
-0.18142998 -0.03796383 0.99699998 4286565849
-0.17950766 -0.037773442 0.99199998 4286633186
-0.1784952 -0.037773442 0.99199998 4286042081
-0.17748275 -0.037773442 0.99199998 4285252313
-0.17593662 -0.037659209 0.98900002 4284790481
-0.17475036 -0.037621129 0.98799998 4284986063
-0.17356613 -0.037583049 0.98699999 4283930804
-0.17255878 -0.037583049 0.98699999 4282677653
-0.17155144 -0.037583049 0.98699999 4281622393
-0.18401715 -0.037017394 1 4283995817
-0.18281354 -0.036980379 0.99900001 4285182656
-0.18142998 -0.036906343 0.99699998 4286302936
-0.17986956 -0.036795292 0.99400002 4286765288
-0.17885508 -0.036795292 0.99400002 4286371819
-0.17748275 -0.036721256 0.99199998 4285779430
-0.17647029 -0.036721256 0.99199998 4285252061
-0.17492723 -0.036610205 0.98900002 4284986834
-0.17374198 -0.036573187 0.98799998 4283931319
-0.17273362 -0.036573187 0.98799998 4282876060
-0.17172524 -0.036573187 0.98799998 4281558398
-0.18401715 -0.035956725 1 4284654263
-0.18244754 -0.035848852 0.99699998 4285906896
-0.18142998 -0.035848852 0.99699998 4286434782
-0.18041243 -0.035848852 0.99699998 4286962926
-0.17903501 -0.035776943 0.995 4286568944
-0.17784058 -0.035740986 0.99400002 4285911274
-0.17647029 -0.03566907 0.99199998 4285186783
-0.17510411 -0.035597157 0.99000001 4284460749
-0.17391784 -0.0355612 0.98900002 4283405491
-0.17290846 -0.0355612 0.98900002 4282547610
-0.17172524 -0.035525244 0.98799998 4281492606
-0.18244754 -0.034791365 0.99699998 4285446348
-0.18142998 -0.034791365 0.99699998 4286106076
-0.18041243 -0.034791365 0.99699998 4285778398
-0.17903501 -0.034721576 0.995 4285582052
-0.17801949 -0.034721576 0.995 4285516262
-0.17647029 -0.034616884 0.99199998 4285317858
-0.17510411 -0.034547094 0.99000001 4284723922
-0.17409369 -0.034547094 0.99000001 4283931322
-0.17308329 -0.034547094 0.99000001 4282217876
-0.17172524 -0.034477301 0.98799998 4281228408
-0.18281354 -0.033801548 0.99900001 4285051078
-0.18179394 -0.033801548 0.99900001 4285579477
-0.18041243 -0.033733878 0.99699998 4285449689
-0.17939487 -0.033733878 0.99699998 4285384671
-0.17801949 -0.033666208 0.995 4285186526
-0.17647029 -0.033564702 0.99199998 4284856535
-0.17545785 -0.033564702 0.99199998 4284525514
-0.17444539 -0.033564702 0.99199998 4283602099
-0.18299653 -0.032774713 1 4284655808
-0.18197592 -0.032774713 1 4285382099
-0.18077435 -0.032741938 0.99900001 4285186774
-0.17975475 -0.032741938 0.99900001 4285120983
-0.17873515 -0.032741938 0.99900001 4284856786
-0.17735976 -0.032676388 0.99699998 4284262854
-0.17598847 -0.032610841 0.995 4283405747
-0.17993468 -0.031714045 1 4285581277
-0.17909299 -0.031745758 1.001 4285119445
-0.17771555 -0.031682331 0.99900001 4284131009
-0.1763422 -0.031618901 0.99699998 4283207596
-0.17497295 -0.031555474 0.995 4282548380
-0.21143571 0.0062154224 1.149 4278849810
-0.2085444 0.0061991941 1.146 4282210656
-0.20737478 0.0061991941 1.146 4281883493
-0.21026303 0.0074341325 1.149 4279178776
-0.2085444 0.0074147223 1.146 4281486418
-0.20737478 0.0074147223 1.146 4281620064
-0.20620514 0.0074147223 1.146 4283464328
-0.2046777 0.0074017821 1.1440001 4284519332
-0.21026303 0.0086528426 1.149 4279047190
-0.2085444 0.0086302506 1.146 4281025613
-0.20737478 0.0086302506 1.146 4281685603
-0.20620514 0.0086302506 1.146 4283069317
-0.20503552 0.0086302506 1.146 4284256164
-0.21026303 0.0098715536 1.149 4278981399
-0.2085444 0.0098457783 1.146 4280959567
-0.20737478 0.0098457783 1.146 4281948266
-0.20620514 0.0098457783 1.146 4283200649
-0.20503552 0.0098457783 1.146 4284255653
-0.21026303 0.011090264 1.149 4278718228
-0.2085444 0.011061307 1.146 4280169800
-0.20737478 0.011061307 1.146 4281750634
-0.20620514 0.011061307 1.146 4283068552
-0.20503552 0.011061307 1.146 4284058017
-0.203688 0.011051655 1.145 4284718517
-0.21026303 0.012308974 1.149 4278322182
-0.2085444 0.012276835 1.146 4278915867
-0.20737478 0.012276835 1.146 4281420642
-0.20620514 0.012276835 1.146 4283067782
-0.20503552 0.012276835 1.146 4283794075
-0.20909034 0.013527684 1.149 4278454025
-0.20791765 0.013527684 1.149 4280893527
-0.20620514 0.013492364 1.146 4282738048
-0.20503552 0.013492364 1.146 4283595670
-0.20909034 0.014746394 1.149 4278453769
-0.20791765 0.014746394 1.149 4280432720
-0.20674495 0.014746394 1.149 4282342777
-0.20557226 0.014746394 1.149 4283397522
-0.20909034 0.015965104 1.149 4278454025
-0.20791765 0.015965104 1.149 4280827221
-0.20674495 0.015965104 1.149 4281948020
-0.12901317 0.013765061 0.71700001 4280036157
-0.12828138 0.013765061 0.71700001 4281486693
-0.1275496 0.013765061 0.71700001 4282739071
-0.12901317 0.014525563 0.71700001 4279574058
-0.12828138 0.014525563 0.71700001 4281090901
-0.1275496 0.014525563 0.71700001 4282410103
-0.12664095 0.014505303 0.71600002 4283268494
-0.12828138 0.015286063 0.71700001 4279707954
-0.1275496 0.015286063 0.71700001 4281424234
-0.12681782 0.015286063 0.71700001 4282085246
-0.12828138 0.016046563 0.71700001 4279313710
-0.1275496 0.016046563 0.71700001 4280570468
-0.12681782 0.016046563 0.71700001 4281231223
-0.12828138 0.016807064 0.71700001 4278985515
-0.1275496 0.016807064 0.71700001 4280044894
-0.12681782 0.016807064 0.71700001 4280705139
-0.12828138 0.017567566 0.71700001 4278853928
-0.1275496 0.017567566 0.71700001 4279781465
-0.12681782 0.017567566 0.71700001 4280506990
-0.1284603 0.018353628 0.71799999 4278455310
-0.1275496 0.018328065 0.71700001 4279380532
-0.060969077 0.014358825 0.375 4286370802
-0.060586344 0.014358825 0.375 4285778667
-0.058672689 0.014358825 0.375 4280896878
-0.058289956 0.014358825 0.375 4279050032
-0.057907227 0.014358825 0.375 4278388748
-0.23809583 0.01853426 0.47099999 4279836447
-0.060969077 0.014756576 0.375 4286764790
-0.060586344 0.014756576 0.375 4286040812
-0.059055418 0.014756576 0.375 4282150542
-0.058672689 0.014756576 0.375 4281095286
-0.058289956 0.014756576 0.375 4280239463
-0.057907227 0.014756576 0.375 4278785054
-0.23953795 0.019033834 0.47099999 4280166693
-0.23905724 0.019033834 0.47099999 4280429352
-0.23857655 0.019033834 0.47099999 4281745726
-0.23860134 0.019074246 0.472 4283521881
-0.062333334 0.015113916 0.37400001 4284131527
-0.060969077 0.015154327 0.375 4287026937
-0.060586344 0.015154327 0.375 4286566386
-0.059820883 0.015154327 0.375 4283801789
-0.05943815 0.015154327 0.375 4282943909
-0.059055418 0.015154327 0.375 4282348690
-0.058672689 0.015154327 0.375 4281359228
-0.058289956 0.015154327 0.375 4281095283
-0.057907227 0.015154327 0.375 4279048482
-0.24001867 0.019533411 0.47099999 4282932565
-0.23953795 0.019533411 0.47099999 4282866260
-0.23905724 0.019533411 0.47099999 4282996819
-0.23857655 0.019533411 0.47099999 4284442979
-0.23809583 0.019533411 0.47099999 4285823604
-0.23811962 0.019574884 0.472 4286677631
-0.23763789 0.019574884 0.472 4286807935
-0.062715046 0.015510608 0.37400001 4283342009
-0.062333334 0.015510608 0.37400001 4284329419
-0.061951626 0.015510608 0.37400001 4285776609
-0.061734539 0.015552079 0.375 4286368492
-0.061351806 0.015552079 0.375 4286697201
-0.060969077 0.015552079 0.375 4286828532
-0.060586344 0.015552079 0.375 4286631666
-0.060203612 0.015552079 0.375 4286105576
-0.059820883 0.015552079 0.375 4284460489
-0.05943815 0.015552079 0.375 4283339438
-0.059055418 0.015552079 0.375 4282415254
-0.058672689 0.015552079 0.375 4281359997
-0.058289956 0.015552079 0.375 4281292917
-0.057907227 0.015552079 0.375 4280105032
-0.057524495 0.015552079 0.375 4278851099
-0.24049938 0.020032987 0.47099999 4283459427
-0.24001867 0.020032987 0.47099999 4283722343
-0.23953795 0.020032987 0.47099999 4283655780
-0.23905724 0.020032987 0.47099999 4283851616
-0.23908308 0.020075521 0.472 4284705638
-0.23860134 0.020075521 0.472 4285362282
-0.23811962 0.020075521 0.472 4285690477
-0.23763789 0.020075521 0.472 4285952366
-0.2376586 0.020118052 0.47299999 4285556332
-0.23717585 0.020118052 0.47299999 4285095014
-0.063347928 0.015779698 0.37099999 4281164668
-0.06275934 0.015822232 0.37200001 4282747815
-0.062547356 0.015864765 0.373 4283407030
-0.062333334 0.015907299 0.37400001 4284723663
-0.061951626 0.015907299 0.37400001 4286236646
-0.061734539 0.01594983 0.375 4286631149
-0.061351806 0.01594983 0.375 4286696431
-0.060969077 0.01594983 0.375 4286761968
-0.060586344 0.01594983 0.375 4286762480
-0.060203612 0.01594983 0.375 4286631148
-0.059820883 0.01594983 0.375 4285381591
-0.05943815 0.01594983 0.375 4284063675
-0.059055418 0.01594983 0.375 4282810527
-0.058672689 0.01594983 0.375 4281689220
-0.058289956 0.01594983 0.375 4281096307
-0.057907227 0.01594983 0.375 4280371035
-0.057524495 0.01594983 0.375 4279115817
-0.24049938 0.020532561 0.47099999 4282999394
-0.24001867 0.020532561 0.47099999 4283459176
-0.24004655 0.020576157 0.472 4283589991
-0.23956481 0.020576157 0.472 4284048742
-0.23908308 0.020576157 0.472 4284836713
-0.23860134 0.020576157 0.472 4284967269
-0.2386241 0.02061975 0.47299999 4284835167
-0.23814134 0.02061975 0.47299999 4284899935
-0.2376586 0.02061975 0.47299999 4284175706
-0.23717585 0.02061975 0.47299999 4283319629
-0.063347928 0.016173206 0.37099999 4280637036
-0.06275934 0.016216801 0.37200001 4282878113
-0.062547356 0.016260395 0.373 4283537585
-0.062333334 0.016303988 0.37400001 4284327873
-0.061951626 0.016303988 0.37400001 4285972445
-0.061734539 0.016347582 0.375 4286564584
-0.061351806 0.016347582 0.375 4286892781
-0.060969077 0.016347582 0.375 4287089904
-0.060586344 0.016347582 0.375 4287222002
-0.060203612 0.016347582 0.375 4286894061
-0.059820883 0.016347582 0.375 4285710041
-0.05943815 0.016347582 0.375 4284261312
-0.059055418 0.016347582 0.375 4282943141
-0.058672689 0.016347582 0.375 4281953678
-0.058289956 0.016347582 0.375 4281491838
-0.057907227 0.016347582 0.375 4280568929
-0.057677891 0.016391175 0.37599999 4279181867
-0.24101001 0.021076793 0.472 4282736226
-0.24052827 0.021076793 0.472 4283196008
-0.24004655 0.021076793 0.472 4283589483
-0.23908308 0.021076793 0.472 4284902510
-0.23910685 0.021121446 0.47299999 4284309598
-0.2386241 0.021121446 0.47299999 4283454028
-0.23814134 0.021121446 0.47299999 4283059014
-0.2376586 0.021121446 0.47299999 4282401090
-0.23767729 0.021166101 0.47400001 4281742392
-0.063347928 0.016566716 0.37099999 4279978845
-0.06275934 0.016611371 0.37200001 4282548373
-0.062547356 0.016656024 0.373 4283207332
-0.062333334 0.016700679 0.37400001 4283997876
-0.061951626 0.016700679 0.37400001 4285248204
-0.061734539 0.016745333 0.375 4286169309
-0.061351806 0.016745333 0.375 4286892522
-0.060969077 0.016745333 0.375 4287352817
-0.060586344 0.016745333 0.375 4287419122
-0.060203612 0.016745333 0.375 4287025388
-0.059820883 0.016745333 0.375 4286367713
-0.05943815 0.016745333 0.375 4284656325
-0.059055418 0.016745333 0.375 4282812583
-0.058672689 0.016745333 0.375 4282021013
-0.058445394 0.016789986 0.37599999 4281821833
-0.058061644 0.016789986 0.37599999 4281162097
-0.057677891 0.016789986 0.37599999 4280172624
-0.057446521 0.016834641 0.377 4279050280
-0.24101001 0.021577429 0.472 4283065449
-0.24052827 0.021577429 0.472 4283590770
-0.24004655 0.021577429 0.472 4283983988
-0.2395896 0.021623144 0.47299999 4284113257
-0.23910685 0.021623144 0.47299999 4283389527
-0.2386241 0.021623144 0.47299999 4282929483
-0.23816106 0.021668859 0.47400001 4281614139
-0.23767729 0.021668859 0.47400001 4281482039
-0.06275934 0.017005941 0.37200001 4282285450
-0.062547356 0.017051654 0.373 4282747031
-0.062333334 0.017097371 0.37400001 4283668906
-0.061351806 0.017143084 0.375 4286103515
-0.05943815 0.017143084 0.375 4284459716
-0.059212897 0.017188799 0.37599999 4282616744
-0.058829147 0.017188799 0.37599999 4281759896
-0.058445394 0.017188799 0.37599999 4280902531
-0.058061644 0.017188799 0.37599999 4281360253
-0.057677891 0.017188799 0.37599999 4281620850
-0.057446521 0.017234514 0.377 4280629833
-0.24101001 0.022078065 0.472 4283262827
-0.24052827 0.022078065 0.472 4283787891
-0.24007235 0.02212484 0.47299999 4283324773
-0.2395896 0.02212484 0.47299999 4281876811
-0.23910685 0.02212484 0.47299999 4282337612
-0.23864482 0.022171617 0.47400001 4283720539
-0.23816106 0.022171617 0.47400001 4282668367
-0.23767729 0.022171617 0.47400001 4281878337
-0.062547356 0.017447285 0.373 4282878612
-0.059980404 0.017587611 0.37599999 4286236126
-0.05959665 0.017587611 0.37599999 4285249746
-0.059212897 0.017587611 0.37599999 4284131524
-0.058829147 0.017587611 0.37599999 4282617260
-0.058445394 0.017587611 0.37599999 4281759385
-0.058216065 0.017634386 0.377 4281295748
-0.057831291 0.017634386 0.377 4281555576
-0.057446521 0.017634386 0.377 4280827473
-0.24205706 0.022722211 0.47499999 4282866273
-0.24157226 0.022722211 0.47499999 4282470233
-0.24108747 0.022722211 0.47499999 4280298038
-0.24060267 0.022722211 0.47499999 4280100400
-0.24011788 0.022722211 0.47499999 4281021242
-0.23963308 0.022722211 0.47499999 4281811267
-0.23914829 0.022722211 0.47499999 4281614912
-0.23866349 0.022722211 0.47499999 4281023290
-0.2381787 0.022722211 0.47499999 4280957752
-0.058600839 0.018034261 0.377 4282156197
-0.058216065 0.018034261 0.377 4281099913
-0.057831291 0.018034261 0.377 4280175468
-0.057598896 0.018082095 0.37799999 4279513936
-0.057213102 0.018082095 0.37799999 4278918450
-0.2425894 0.023323823 0.477 4280429876
-0.24261011 0.023372719 0.47799999 4279770919
-0.24161574 0.023323823 0.477 4280230956
-0.24112891 0.023323823 0.477 4281020726
-0.24064207 0.023323823 0.477 4281547580
-0.24015523 0.023323823 0.477 4281416763
-0.2396684 0.023323823 0.477 4281153850
-0.23918156 0.023323823 0.477 4281220667
-0.05898561 0.018434133 0.377 4283146685
-0.058600839 0.018434133 0.377 4282355116
-0.058370482 0.01848303 0.37799999 4280904845
-0.057984691 0.01848303 0.37799999 4280177524
-0.057598896 0.01848303 0.37799999 4279845215
-0.057213102 0.01848303 0.37799999 4279446594
-0.05682731 0.01848303 0.37799999 4278322439
-0.24213992 0.023929678 0.479 4284309342
-0.24165106 0.023929678 0.479 4283454544
-0.24116218 0.023929678 0.479 4282007611
-0.24017084 0.02387972 0.47799999 4282402630
-0.23918156 0.023829762 0.477 4282074691
-0.058370482 0.018883962 0.37799999 4281301403
-0.057984691 0.018883962 0.37799999 4280706438
-0.057598896 0.018883962 0.37799999 4280374643
-0.057213102 0.018883962 0.37799999 4280041815
-0.056977648 0.01893392 0.37900001 4278388490
-0.2270636 0.025662178 0.50300002 4282007351
-0.22655022 0.025662178 0.50300002 4281612340
-0.22603685 0.025662178 0.50300002 4281084972
-0.22552349 0.025662178 0.50300002 4281742648
-0.22501011 0.025662178 0.50300002 4284374883
-0.22449674 0.025662178 0.50300002 4288390055
-0.22347 0.025662178 0.50300002 4290368213
-0.22244327 0.025662178 0.50300002 4289382344
-0.22192989 0.025662178 0.50300002 4290170831
-0.22141652 0.025662178 0.50300002 4288655791
-0.22090316 0.025662178 0.50300002 4285824635
-0.058370482 0.019284895 0.37799999 4281500322
-0.057984691 0.019284895 0.37799999 4280642700
-0.24466749 0.025206193 0.484 4287203714
-0.2441735 0.025206193 0.484 4285164390
-0.22757697 0.026195696 0.50300002 4278453508
-0.2270636 0.026195696 0.50300002 4280691241
-0.22655022 0.026195696 0.50300002 4281678137
-0.22603685 0.026195696 0.50300002 4282466884
-0.22552349 0.026195696 0.50300002 4284177245
-0.22501011 0.026195696 0.50300002 4287467407
-0.22449674 0.026195696 0.50300002 4290626755
-0.22398338 0.026195696 0.50300002 4291550170
-0.22347 0.026195696 0.50300002 4290696918
-0.22295663 0.026195696 0.50300002 4289448135
-0.22244327 0.026195696 0.50300002 4288988355
-0.22192989 0.026195696 0.50300002 4290435286
-0.22141652 0.026195696 0.50300002 4289644484
-0.22090316 0.026195696 0.50300002 4287537308
-0.075020008 0.02301888 0.442 4279312681
-0.074285462 0.023070958 0.44299999 4281622128
-0.24619147 0.025932118 0.48800001 4285297005
-0.24518993 0.025878977 0.48699999 4283916895
-0.24469289 0.025878977 0.48699999 4283524451
-0.16579668 0.017642342 0.33199999 4281748552
-0.16545784 0.017642342 0.33199999 4281879111
-0.22757697 0.026729211 0.50300002 4278519046
-0.2270636 0.026729211 0.50300002 4281151539
-0.22655022 0.026729211 0.50300002 4282401350
-0.22603685 0.026729211 0.50300002 4283519574
-0.22552349 0.026729211 0.50300002 4285295983
-0.22501011 0.026729211 0.50300002 4288125592
-0.22449674 0.026729211 0.50300002 4291153094
-0.22398338 0.026729211 0.50300002 4291483860
-0.22347 0.026729211 0.50300002 4289841092
-0.22295663 0.026729211 0.50300002 4288000430
-0.22244327 0.026729211 0.50300002 4287606701
-0.22192989 0.026729211 0.50300002 4289711822
-0.22141652 0.026729211 0.50300002 4289645000
-0.22090316 0.026729211 0.50300002 4287735461
-0.21884967 0.026729211 0.50300002 4280033315
-0.07456889 0.023487696 0.442 4279576111
-0.073833331 0.023540836 0.44299999 4281887357
-0.0733812 0.023540836 0.44299999 4281628554
-0.072929062 0.023540836 0.44299999 4283012778
-0.16647437 0.017994484 0.33199999 4282341973
-0.16613553 0.017994484 0.33199999 4282144594
-0.16579668 0.017994484 0.33199999 4282275665
-0.16545784 0.017994484 0.33199999 4282735189
-0.16511899 0.017994484 0.33199999 4283062871
-0.23086008 0.027045928 0.49900001 4284774511
-0.23076271 0.027154326 0.50099999 4279572759
-0.22757697 0.027262729 0.50300002 4278387716
-0.2270636 0.027262729 0.50300002 4280230179
-0.22655022 0.027262729 0.50300002 4282598986
-0.22603685 0.027262729 0.50300002 4283914590
-0.22552349 0.027262729 0.50300002 4285098605
-0.22501011 0.027262729 0.50300002 4287138953
-0.22449674 0.027262729 0.50300002 4289771697
-0.22398338 0.027262729 0.50300002 4290233792
-0.22347 0.027262729 0.50300002 4288590510
-0.22295663 0.027262729 0.50300002 4286749592
-0.22244327 0.027262729 0.50300002 4286750621
-0.22192989 0.027262729 0.50300002 4289119174
-0.22141652 0.027262729 0.50300002 4289183683
-0.21987641 0.027262729 0.50300002 4284047720
-0.21936305 0.027262729 0.50300002 4283521119
-0.21928476 0.027316928 0.50400001 4282271563
-0.21877037 0.027316928 0.50400001 4281218615
-0.07456889 0.023956513 0.442 4279247402
-0.07411778 0.023956513 0.442 4280436825
-0.0733812 0.024010712 0.44299999 4281495424
-0.072929062 0.024010712 0.44299999 4282945183
-0.16647437 0.018346626 0.33199999 4282868318
-0.16613553 0.018346626 0.33199999 4283987310
-0.16579668 0.018346626 0.33199999 4284842361
-0.16545784 0.018346626 0.33199999 4284907384
-0.16511899 0.018346626 0.33199999 4283589985
-0.23039743 0.027519939 0.498 4284576366
-0.23035079 0.027575202 0.49900001 4281284405
-0.23076271 0.027685722 0.50099999 4278980110
-0.22655022 0.027796246 0.50300002 4282138177
-0.22603685 0.027796246 0.50300002 4283651674
-0.22552349 0.027796246 0.50300002 4283717721
-0.22501011 0.027796246 0.50300002 4284638819
-0.22449674 0.027796246 0.50300002 4286877320
-0.22398338 0.027796246 0.50300002 4287865245
-0.22347 0.027796246 0.50300002 4287010710
-0.22295663 0.027796246 0.50300002 4285696135
-0.22244327 0.027796246 0.50300002 4285696908
-0.22192989 0.027796246 0.50300002 4287670702
-0.22141652 0.027796246 0.50300002 4288261813
-0.22090316 0.027796246 0.50300002 4287010974
-0.22038978 0.027796246 0.50300002 4285430913
-0.22031353 0.027851507 0.50400001 4284903286
-0.21979915 0.027851507 0.50400001 4285100407
-0.21884967 0.027796246 0.50300002 4283785572
-0.07456889 0.02442533 0.442 4279050023
-0.07411778 0.02442533 0.442 4280042066
-0.0733812 0.024480589 0.44299999 4281822332
-0.072929062 0.024480589 0.44299999 4282811284
-0.16647437 0.018698769 0.33199999 4284841338
-0.16613553 0.018698769 0.33199999 4287079324
-0.16579668 0.018698769 0.33199999 4288263852
-0.16495948 0.018642448 0.331 4287802789
-0.23044203 0.027991833 0.49700001 4283325273
-0.23039743 0.028048154 0.498 4282009415
-0.23035079 0.028104477 0.49900001 4278585352
-0.22655022 0.028329764 0.50300002 4279835420
-0.22603685 0.028329764 0.50300002 4281677880
-0.22552349 0.028329764 0.50300002 4282467652
-0.22501011 0.028329764 0.50300002 4281941306
-0.22449674 0.028329764 0.50300002 4283389780
-0.22398338 0.028329764 0.50300002 4284706159
-0.22347 0.028329764 0.50300002 4284641395
-0.22295663 0.028329764 0.50300002 4284181358
-0.22244327 0.028329764 0.50300002 4284379509
-0.22192989 0.028329764 0.50300002 4285761165
-0.22141652 0.028329764 0.50300002 4286747803
-0.22134233 0.028386084 0.50400001 4286089615
-0.22082792 0.028386084 0.50400001 4285299327
-0.22031353 0.028386084 0.50400001 4285758851
-0.21979915 0.028386084 0.50400001 4286153608
-0.07456889 0.024894144 0.442 4278521104
-0.07411778 0.024894144 0.442 4279314482
-0.0733812 0.024950465 0.44299999 4282018168
-0.072929062 0.024950465 0.44299999 4282940813
-0.16647437 0.019050911 0.33199999 4285892487
-0.16613553 0.019050911 0.33199999 4288328365
-0.16579668 0.019050911 0.33199999 4289513405
-0.16495948 0.01899353 0.331 4288986805
-0.23044203 0.028518986 0.49700001 4281021235
-0.22993478 0.028518986 0.49700001 4279178003
-0.22603685 0.028863281 0.50300002 4278979853
-0.22552349 0.028863281 0.50300002 4280361762
-0.22501011 0.028863281 0.50300002 4281546805
-0.22449674 0.028863281 0.50300002 4281415225
-0.22398338 0.028863281 0.50300002 4281875782
-0.22347 0.028863281 0.50300002 4282402384
-0.22295663 0.028863281 0.50300002 4283061339
-0.22244327 0.028863281 0.50300002 4284114795
-0.22192989 0.028863281 0.50300002 4285233535
-0.22185671 0.028920662 0.50400001 4285430914
-0.22134233 0.028920662 0.50400001 4284772982
-0.22082792 0.028920662 0.50400001 4284377966
-0.22031353 0.028920662 0.50400001 4285166969
-0.21979915 0.028920662 0.50400001 4285232762
-0.21928476 0.028920662 0.50400001 4284312172
-0.07411778 0.025362961 0.442 4278916379
-0.0733812 0.025420344 0.44299999 4281424491
-0.072929062 0.025420344 0.44299999 4282478721
-0.16647437 0.019403053 0.33199999 4285495677
-0.16563512 0.019344611 0.331 4287339673
-0.1652973 0.019344611 0.331 4288196262
-0.16495948 0.019344611 0.331 4288064163
-0.23044203 0.029046139 0.49700001 4278848524
-0.22552349 0.029396798 0.50300002 4278519301
-0.22501011 0.029396798 0.50300002 4279571990
-0.22449674 0.029396798 0.50300002 4281480249
-0.22398338 0.029396798 0.50300002 4281151036
-0.22347 0.029396798 0.50300002 4282006347
-0.22295663 0.029396798 0.50300002 4283914853
-0.22288549 0.029455241 0.50400001 4285823357
-0.2223711 0.029455241 0.50400001 4285890176
-0.22185671 0.029455241 0.50400001 4284904050
-0.22134233 0.029455241 0.50400001 4284114790
-0.22082792 0.029455241 0.50400001 4283851362
-0.22031353 0.029455241 0.50400001 4284048486
-0.21979915 0.029455241 0.50400001 4283653729
-0.21971984 0.029513683 0.505 4283127641
-0.21920443 0.029513683 0.505 4282732627
-0.19691059 0.029805897 0.50999999 4283128923
-0.07411778 0.025831778 0.442 4278850586
-0.073666669 0.025831778 0.442 4280566873
-0.072929062 0.02589022 0.44299999 4282345340
-0.058576752 0.023084961 0.39500001 4279050281
-0.16597295 0.019695694 0.331 4283651934
-0.16563512 0.019695694 0.331 4285034865
-0.1652973 0.019695694 0.331 4286220162
-0.16495948 0.019695694 0.331 4287470229
-0.22449674 0.029930316 0.50300002 4278979598
-0.22442867 0.029989818 0.50400001 4280689457
-0.22347 0.029930316 0.50300002 4282794323
-0.22339988 0.029989818 0.50400001 4284768878
-0.22288549 0.029989818 0.50400001 4286348160
-0.2223711 0.029989818 0.50400001 4285494130
-0.22185671 0.029989818 0.50400001 4284442467
-0.22134233 0.029989818 0.50400001 4284574823
-0.22082792 0.029989818 0.50400001 4285495927
-0.22031353 0.029989818 0.50400001 4286087811
-0.22023524 0.03004932 0.505 4285101174
-0.21971984 0.03004932 0.505 4283719521
-0.19951317 0.030346839 0.50999999 4279704605
-0.19899265 0.030346839 0.50999999 4282600266
-0.19795161 0.030346839 0.50999999 4285629312
-0.1974311 0.030346839 0.50999999 4286881174
-0.19691059 0.030346839 0.50999999 4287343262
-0.058979895 0.023503926 0.39500001 4280505708
-0.058576752 0.023503926 0.39500001 4279380019
-0.22398338 0.030463831 0.50300002 4281214771
-0.22347 0.030463831 0.50300002 4283450964
-0.22295663 0.030463831 0.50300002 4284635490
-0.22288549 0.030524395 0.50400001 4285162855
-0.2223711 0.030524395 0.50400001 4284309082
-0.22185671 0.030524395 0.50400001 4283784277
-0.22134233 0.030524395 0.50400001 4284969066
-0.22082792 0.030524395 0.50400001 4286877321
-0.22031353 0.030524395 0.50400001 4287864220
-0.21979915 0.030524395 0.50400001 4286220166
-0.21971984 0.030584959 0.505 4284838514
-0.19951317 0.030887781 0.50999999 4280362536
-0.19899265 0.030887781 0.50999999 4282074180
-0.19847213 0.030887781 0.50999999 4284510061
-0.19795161 0.030887781 0.50999999 4287472542
-0.1974311 0.030887781 0.50999999 4289646018
-0.19691059 0.030887781 0.50999999 4289845703
-0.058979895 0.02392289 0.39500001 4280639354
-0.058576752 0.02392289 0.39500001 4279910999
-0.058173608 0.02392289 0.39500001 4278984747
-0.22398338 0.030997349 0.50300002 4282267197
-0.22347 0.030997349 0.50300002 4284700766
-0.22295663 0.030997349 0.50300002 4285227107
-0.22244327 0.030997349 0.50300002 4284833116
-0.2223711 0.031058975 0.50400001 4284045396
-0.20055419 0.031428721 0.50999999 4284641393
-0.20003368 0.031428721 0.50999999 4282995797
-0.19951317 0.031428721 0.50999999 4281416252
-0.19899265 0.031428721 0.50999999 4283324503
-0.19847213 0.031428721 0.50999999 4284444267
-0.1974311 0.031428721 0.50999999 4288330158
-0.19691059 0.031428721 0.50999999 4288464049
-0.196005 0.031367097 0.509 4286423185
-0.058979895 0.024341855 0.39500001 4280575106
-0.058576752 0.024341855 0.39500001 4280373869
-0.058173608 0.024341855 0.39500001 4279512640
-0.22347 0.031530868 0.50300002 4283649098
-0.22295663 0.031530868 0.50300002 4288319114
-0.20569482 0.031718921 0.50599998 4283848540
-0.20517839 0.031718921 0.50599998 4282731345
-0.20506646 0.03178161 0.50700003 4283259232
-0.204549 0.03178161 0.50700003 4283851625
-0.20443398 0.031844296 0.50800002 4283785316
-0.20391551 0.031844296 0.50800002 4282928977
-0.20003368 0.031969663 0.50999999 4282997850
-0.19951317 0.031969663 0.50999999 4280233261
-0.19860247 0.031906981 0.509 4282272585
-0.19808298 0.031906981 0.509 4282470478
-0.19756348 0.031906981 0.509 4282668370
-0.19704399 0.031906981 0.509 4282998617
-0.1965245 0.031906981 0.509 4283131484
-0.196005 0.031906981 0.509 4281420354
-0.058979895 0.02476082 0.39500001 4279786877
-0.058576752 0.02476082 0.39500001 4279651690
-0.058173608 0.02476082 0.39500001 4279316548
-0.22347 0.032064386 0.50300002 4282991423
-0.20569482 0.03225562 0.50599998 4283453526
-0.20517839 0.03225562 0.50599998 4280823093
-0.20466197 0.03225562 0.50599998 4281417545
-0.204549 0.032319371 0.50700003 4282799456
-0.19964147 0.032446861 0.509 4282340947
-0.19912197 0.032446861 0.509 4280431410
-0.19860247 0.032446861 0.509 4279508766
-0.19808298 0.032446861 0.509 4279640096
-0.19756348 0.032446861 0.509 4280166441
-0.19704399 0.032446861 0.509 4280693041
-0.1965245 0.032446861 0.509 4280824626
-0.058979895 0.025179785 0.39500001 4280248711
-0.058576752 0.025179785 0.39500001 4279850354
-0.058173608 0.025179785 0.39500001 4279185990
-0.19912197 0.032986742 0.509 4280759860
-0.19860247 0.032986742 0.509 4279903010
-0.19808298 0.032986742 0.509 4280296743
-0.19756348 0.032986742 0.509 4280822319
-0.22683956 0.032802079 0.498 4279374865
-0.22678578 0.032867946 0.49900001 4278782472
-0.22053613 0.032999679 0.50099999 4282797914
-0.22002479 0.032999679 0.50099999 4284905088
-0.1982123 0.033460755 0.50800002 4280493864
-0.19769382 0.033460755 0.50800002 4280821805
-0.19717535 0.033460755 0.50800002 4281018673
-0.226941 0.033196434 0.49599999 4280230429
-0.22689131 0.033263367 0.49700001 4284903520
-0.22638406 0.033263367 0.49700001 4285561445
-0.22587681 0.033263367 0.49700001 4282599484
-0.22582303 0.033330292 0.498 4279242766
-0.22053613 0.033531077 0.50099999 4280494900
-0.22002479 0.033531077 0.50099999 4281878353
-0.21907532 0.033464149 0.5 4281550155
-0.19949764 0.033865716 0.50599998 4281616198
-0.19937448 0.033932649 0.50700003 4280956469
-0.19885702 0.033932649 0.50700003 4280757548
-0.19833957 0.033932649 0.50700003 4280953900
-0.19782212 0.033932649 0.50700003 4281347890
-0.19730467 0.033932649 0.50700003 4281216050
-0.19717535 0.033999577 0.50800002 4280689710
-0.19665687 0.033999577 0.50800002 4280163369
-0.1961384 0.033999577 0.50800002 4279966505
-0.22698867 0.033654541 0.495 4281151786
-0.226941 0.033722527 0.49599999 4284574044
-0.22643478 0.033722527 0.49599999 4285297766
-0.22592856 0.033722527 0.49599999 4285494374
-0.22542232 0.033722527 0.49599999 4284967773
-0.22536957 0.033790518 0.49700001 4282927682
-0.22002479 0.034062471 0.50099999 4278653204
-0.21907532 0.033994485 0.5 4279116583
-0.19898121 0.034402419 0.50599998 4280756265
-0.19846478 0.034402419 0.50599998 4280887080
-0.19794835 0.034402419 0.50599998 4280558115
-0.19743192 0.034402419 0.50599998 4280558374
-0.19691549 0.034402419 0.50599998 4280097825
-0.19678721 0.034470409 0.50700003 4279374360
-0.19626977 0.034470409 0.50700003 4279308827
-0.22703429 0.03411052 0.49399999 4279835414
-0.22698867 0.034179572 0.495 4282204727
-0.22648346 0.034179572 0.495 4283719247
-0.22643478 0.03424862 0.49599999 4282863685
-0.22592856 0.03424862 0.49599999 4283388491
-0.22587681 0.034317672 0.49700001 4283651151
-0.22536957 0.034317672 0.49700001 4283453773
-0.22480649 0.034386721 0.498 4280229920
-0.22474863 0.034455772 0.49900001 4278716424
-0.22002479 0.034593869 0.50099999 4278521874
-0.11299602 0.047989499 0.69499999 4281159771
-0.11228669 0.047989499 0.69499999 4281950066
-0.1117379 0.048058547 0.69599998 4283531158
-0.22698867 0.034704603 0.495 4278980107
-0.22648346 0.034704603 0.495 4280692004
-0.22643478 0.034774713 0.49599999 4280231970
-0.22592856 0.034774713 0.49599999 4281019951
-0.22542232 0.034774713 0.49599999 4281874492
-0.22536957 0.034844823 0.49700001 4282795848
-0.22486232 0.034844823 0.49700001 4283651670
-0.22429822 0.034914933 0.498 4281151535
-0.22002479 0.035125263 0.50099999 4278520588
-0.11370534 0.048726663 0.69499999 4279575850
-0.11299602 0.048726663 0.69499999 4281027929
-0.11244825 0.048796773 0.69599998 4281358184
-0.1117379 0.048796773 0.69599998 4282610311
-0.22592856 0.035300806 0.49599999 4279177491
-0.22542232 0.035300806 0.49599999 4280953649
-0.2249161 0.035300806 0.49599999 4282993489
-0.22486232 0.035371978 0.49700001 4284244067
-0.22435507 0.035371978 0.49700001 4283915613
-0.22384784 0.035371978 0.49700001 4281546293
-0.22334059 0.035371978 0.49700001 4279374610
-0.11386895 0.049534999 0.69599998 4279510059
-0.11299602 0.049463831 0.69499999 4280830553
-0.11244825 0.049534999 0.69599998 4281095013
-0.1117379 0.049534999 0.69599998 4281886075
-0.22542232 0.035826899 0.49599999 4279177234
-0.2249161 0.035826899 0.49599999 4280427302
-0.22486232 0.035899132 0.49700001 4280822572
-0.22435507 0.035899132 0.49700001 4280559398
-0.22384784 0.035899132 0.49700001 4278913803
-0.22283334 0.035899132 0.49700001 4279045389
-0.11403256 0.050345462 0.69700003 4279312938
-0.11299602 0.050200995 0.69499999 4280436311
-0.11244825 0.050273228 0.69599998 4280831329
-0.1117379 0.050273228 0.69599998 4282148478
-0.22137251 0.036352992 0.49599999 4278848010
-0.11435977 0.051231332 0.699 4278586383
-0.1131586 0.051011454 0.69599998 4279313454
-0.11228669 0.050938163 0.69499999 4280436313
-0.11189845 0.051084749 0.69700003 4282279550
-0.11118709 0.051084749 0.69700003 4283135637
-0.11364636 0.051972739 0.699 4278784792
-0.11260983 0.051824037 0.69700003 4280369749
-0.1113466 0.05189839 0.69800001 4282740111
-0.05599051 0.03526888 0.36500001 4282607493
-0.60788977 0.094561733 0.96799999 4280359987
-0.60878271 0.094854794 0.97100002 4281347400
-0.05673556 0.035656024 0.36500001 4280235593
-0.56119853 0.08600986 0.87099999 4279181102
-0.59692663 0.09371224 0.949 4278979350
-0.59784204 0.09400849 0.95200002 4280097325
-0.59812433 0.094205983 0.954 4281216579
-0.59777659 0.094304726 0.95499998 4282205787
-0.59742683 0.094403476 0.95599997 4281683806
-0.056363035 0.036043171 0.36500001 4280235337
-0.055245459 0.036043171 0.36500001 4283266714
-0.5618428 0.087033518 0.87199998 4278322956
-0.59378159 0.094219774 0.94400001 4279243033
-0.59595805 0.094718814 0.949 4280032812
-0.59624338 0.09491843 0.95099998 4280757564
-0.59652472 0.095118053 0.95300001 4281614417
-0.59617698 0.095217861 0.954 4281222999
-0.056363035 0.036430314 0.36500001 4280564301
-0.05599051 0.036430314 0.36500001 4281948535
-0.055617984 0.036430314 0.36500001 4282673288
-0.055094101 0.036330502 0.36399999 4283792286
-0.054872934 0.036430314 0.36500001 4284386222
-0.054500408 0.036430314 0.36500001 4284454069
-0.563218 0.087756686 0.87 4279442734
-0.56233007 0.087756686 0.87 4279179818
-0.56208748 0.087857552 0.87099999 4278852134
-0.5618428 0.087958418 0.87199998 4278388747
-0.59503961 0.095422782 0.94599998 4279375130
-0.59595805 0.095725395 0.949 4280033835
-0.59624338 0.095927127 0.95099998 4280364087
-0.59715062 0.096229739 0.954 4280760648
-0.056208614 0.036716588 0.36399999 4280169542
-0.05583711 0.036716588 0.36399999 4281356396
-0.055465605 0.036716588 0.36399999 4282146429
-0.055094101 0.036716588 0.36399999 4283397012
-0.054872934 0.036817461 0.36500001 4284121764
-0.054500408 0.036817461 0.36500001 4284518320
-0.054127883 0.036817461 0.36500001 4285112255
-0.56410593 0.088679463 0.87 4279837746
-0.563218 0.088679463 0.87 4279574058
-0.56297642 0.088781394 0.87099999 4279245090
-0.56273282 0.088883325 0.87199998 4278718742
-0.56313145 0.089087188 0.87400001 4278322438
-0.59378159 0.096222319 0.94400001 4279243543
-0.59595805 0.096731968 0.949 4279771174
-0.59624338 0.096935824 0.95099998 4279772718
-0.59652472 0.097139694 0.95300001 4279577143
-0.056363035 0.037204605 0.36500001 4279709503
-0.05583711 0.037102673 0.36399999 4280765028
-0.055465605 0.037102673 0.36399999 4281620855
-0.055094101 0.037102673 0.36399999 4282871183
-0.054872934 0.037204605 0.36500001 4283596192
-0.054500408 0.037204605 0.36500001 4283992234
-0.054127883 0.037204605 0.36500001 4284848827
-0.56694216 0.089911222 0.87300003 4279510839
-0.56605113 0.089911222 0.87300003 4279837744
-0.56516016 0.089911222 0.87300003 4279770661
-0.56491548 0.090014212 0.87400001 4279507483
-0.56531411 0.090220191 0.87599999 4278718221
-0.59126556 0.096811622 0.94 4279177747
-0.59281814 0.097223587 0.94400001 4279705378
-0.59436256 0.097635552 0.94800001 4279575081
-0.59527278 0.097944528 0.95099998 4279116076
-0.056208614 0.037488755 0.36399999 4278916895
-0.05583711 0.037488755 0.36399999 4280040013
-0.055465605 0.037488755 0.36399999 4281096054
-0.055245459 0.037591748 0.36500001 4281951882
-0.054872934 0.037591748 0.36500001 4282807964
-0.054500408 0.037591748 0.36500001 4283401128
-0.054127883 0.037591748 0.36500001 4284454842
-0.5681473 0.091461502 0.87900001 4279901465
-0.56789547 0.091565549 0.88 4279048209
-0.56764168 0.091669597 0.88099998 4278587148
-0.56674248 0.091669597 0.88099998 4278322693
-0.58937854 0.097496495 0.93699998 4279111953
-0.59030616 0.097808652 0.94 4279573278
-0.05583711 0.03787484 0.36399999 4279248436
-0.055465605 0.03787484 0.36399999 4280504943
-0.055245459 0.037978895 0.36500001 4281098369
-0.054872934 0.037978895 0.36500001 4282151831
-0.054500408 0.037978895 0.36500001 4283073704
-0.054127883 0.037978895 0.36500001 4284258747
-0.57150757 0.093234725 0.88700002 4279245335
-0.5706023 0.093234725 0.88700002 4278651916
-0.05583711 0.038260926 0.36399999 4278853677
-0.055465605 0.038260926 0.36399999 4279715169
-0.055245459 0.038366038 0.36500001 4280177778
-0.054722596 0.038260926 0.36399999 4281232008
-0.054500408 0.038366038 0.36500001 4282680225
-0.054127883 0.038366038 0.36500001 4283865528
-0.57188886 0.094387889 0.889 4279836198
-0.5709815 0.094387889 0.889 4279045912
-0.05583711 0.038647007 0.36399999 4278590247
-0.055465605 0.038647007 0.36399999 4279385943
-0.055245459 0.038753182 0.36500001 4280374895
-0.054872934 0.038753182 0.36500001 4281232002
-0.054500408 0.038753182 0.36500001 4282352026
-0.58004981 0.096081465 0.89600003 4281812042
-0.57848895 0.095974222 0.89499998 4280561971
-0.57693017 0.095866993 0.89399999 4280890935
-0.57472914 0.095652528 0.89200002 4280231984
-0.57381874 0.095652528 0.89200002 4279770671
-0.57226604 0.095545284 0.89099997 4279243298
-0.7397207 0.186694 1.7410001 4279836697
-0.73455286 0.18583614 1.733 4280561191
-0.055465605 0.039033093 0.36399999 4279248175
-0.055094101 0.039033093 0.36399999 4281360501
-0.054872934 0.039140329 0.36500001 4281362556
-0.59032118 0.098439649 0.90899998 4279379242
-0.58744824 0.098114766 0.90600002 4280036916
-0.5852288 0.09789817 0.90399998 4280168246
-0.58301347 0.097681589 0.90200001 4278983972
-0.5808022 0.097464994 0.89999998 4279707182
-0.57859504 0.097248413 0.898 4279179558
-0.57703525 0.097140118 0.89700001 4279244072
-0.57483518 0.096923523 0.89499998 4279111712
-0.7315858 0.1869162 1.726 4281152815
-0.72468811 0.18604986 1.7180001 4282206785
-0.59032118 0.099403799 0.90899998 4279839785
-0.58939344 0.099403799 0.90899998 4280299827
-0.58717096 0.099185087 0.90700001 4279905074
-0.58495253 0.098966375 0.90499997 4279312939
-0.58338356 0.098857023 0.90399998 4279247145
-0.58117229 0.098638311 0.90200001 4279180326
-0.58025169 0.098638311 0.90200001 4279309863
-0.5780465 0.098419599 0.89999998 4279111196
-0.74021983 0.19005919 1.738 4281743413
-0.73547179 0.1892937 1.7309999 4281743928
-0.7315858 0.18874691 1.726 4281415218
-0.72644156 0.18787208 1.7180001 4281349936
-0.72384447 0.18765336 1.716 4282534980
-0.72209305 0.18765336 1.716 4284048475
-0.58939344 0.10036794 0.90899998 4280759607
-0.58846569 0.10036794 0.90899998 4279772462
-0.58689159 0.10025753 0.90799999 4279114022
-0.58531958 0.10014711 0.90700001 4279312936
-0.58310521 0.099926278 0.90499997 4279574568
-0.58218157 0.099926278 0.90499997 4278915093
-0.74113983 0.19168179 1.7359999 4283651410
-0.73723847 0.19112971 1.7309999 4282467136
-0.73334742 0.19057764 1.726 4281480242
-0.73031425 0.1902464 1.723 4281085740
-0.72559583 0.18947348 1.716 4281612340
-0.72046989 0.18859015 1.7079999 4283060041
-0.58846569 0.10133209 0.90899998 4279835686
-0.58753794 0.10133209 0.90899998 4279309857
-0.5866102 0.10133209 0.90899998 4279508257
-0.58503819 0.10122062 0.90799999 4278585610
-0.74113983 0.19352311 1.7359999 4282533182
-0.73723847 0.19296573 1.7309999 4281743411
-0.73334742 0.19240835 1.726 4280493346
-0.7294665 0.19185098 1.721 4279901209
-0.72221309 0.19040178 1.7079999 4280164124
-0.58976048 0.10252132 0.91100001 4279900965
-0.58883071 0.10252132 0.91100001 4279243036
-0.58790088 0.10252132 0.91100001 4279112470
-0.5869711 0.10252132 0.91100001 4278453766
-0.23084599 0.050979316 0.45300001 4282604126
-0.73985904 0.19502684 1.733 4279836437
-0.73596084 0.19446415 1.728 4279441168
-0.73334742 0.19423907 1.726 4279375376
-0.72819495 0.19333878 1.7180001 4279440913
-0.23079771 0.051346201 0.45199999 4280232491
-0.23084599 0.0514598 0.45300001 4282143315
-0.74162781 0.19686498 1.733 4282139707
-0.73772442 0.19629699 1.728 4280692516
-0.73510897 0.19606979 1.726 4279705365
-0.73122299 0.1955018 1.721 4279310350
-0.23084599 0.051940285 0.45300001 4278915087
-0.73948807 0.19812983 1.728 4281811515
-0.73687059 0.1979005 1.726 4281153583
-0.73383129 0.19755654 1.723 4280758567
-0.7299484 0.19698325 1.7180001 4280034844
-0.22992131 0.052901253 0.45300001 4278585608
-0.22996551 0.05301803 0.454 4278848269
-0.22992131 0.053381737 0.45300001 4279310616
-0.23047204 0.053617418 0.45500001 4279638814
-0.23529567 0.058985893 0.479 4280561963
-0.2357872 0.059232183 0.48100001 4279706649
-0.2362774 0.059866566 0.48199999 4280497701
-0.23578547 0.059866566 0.48199999 4280102426
-0.62002814 0.12676835 1.012 4280173140
-0.62539315 0.1280944 1.0140001 4280174162
-0.6243583 0.1280944 1.0140001 4280174419
-0.62270862 0.12796807 1.013 4281424231
-0.62228847 0.1280944 1.0140001 4282410873
-0.62002814 0.12784174 1.012 4281555309
-0.61899531 0.12784174 1.012 4279712591
-0.61735183 0.12771542 1.011 4278330163
-0.61571032 0.12758909 1.01 4278593331
-0.61467952 0.12758909 1.01 4278658353
-0.64003187 0.12534833 0.98400003 4281159013
-0.63642991 0.12483878 0.98000002 4281357157
-0.62829727 0.12343752 0.96899998 4281095008
-0.62212932 0.12241844 0.96100003 4280438617
-0.62642807 0.12916993 1.0140001 4283989134
-0.62539315 0.12916993 1.0140001 4284055183
-0.6243583 0.12916993 1.0140001 4284252817
-0.62332338 0.12916993 1.0140001 4284515733
-0.62228847 0.12916993 1.0140001 4283989135
-0.62064087 0.12904254 1.013 4282014834
-0.61899531 0.12891515 1.012 4279711823
-0.61796242 0.12891515 1.012 4278527289
-0.61692953 0.12891515 1.012 4278263601
-0.6158967 0.12891515 1.012 4278263340
-0.61425632 0.12878777 1.011 4278393642
-0.64299053 0.12677737 0.98699999 4280898160
-0.6328361 0.12536445 0.97600001 4281885551
-0.62471879 0.12395152 0.96499997 4281820784
-0.62704581 0.13037388 1.015 4282409080
-0.62600988 0.13037388 1.015 4282278003
-0.62497395 0.13037388 1.015 4282870136
-0.62393802 0.13037388 1.015 4282540401
-0.6229021 0.13037388 1.015 4281750117
-0.62186617 0.13037388 1.015 4280170060
-0.62083024 0.13037388 1.015 4278656308
-0.61979431 0.13037388 1.015 4278261035
-0.61875844 0.13037388 1.015 4278327595
-0.61711395 0.13024545 1.0140001 4278326820
-0.61607903 0.13024545 1.0140001 4278258192
-0.64660776 0.12834227 0.991 4282808475
-0.64494491 0.12821276 0.99000001 4282741649
-0.62704581 0.13145046 1.015 4278919485
-0.62600988 0.13145046 1.015 4278854457
-0.62497395 0.13145046 1.015 4278986296
-0.62393802 0.13145046 1.015 4279117112
-0.6229021 0.13145046 1.015 4278984501
-0.62186617 0.13145046 1.015 4278654767
-0.62083024 0.13145046 1.015 4278457389
-0.61979431 0.13145046 1.015 4278655792
-0.61875844 0.13145046 1.015 4278654757
-0.61772251 0.13145046 1.015 4278322955
-0.64726025 0.12952396 0.99199998 4283664039
-0.6462478 0.12952396 0.99199998 4283465630
-0.64458489 0.1293934 0.991 4283727511
-0.63637161 0.12834886 0.98299998 4283396482
-0.63342929 0.12795715 0.98000002 4282803833
-0.62704581 0.13252704 1.015 4279114809
-0.62600988 0.13252704 1.015 4278983221
-0.62497395 0.13252704 1.015 4278917939
-0.62393802 0.13252704 1.015 4279509819
-0.6229021 0.13252704 1.015 4279509564
-0.62186617 0.13252704 1.015 4279049270
-0.62083024 0.13252704 1.015 4278654509
-0.61979431 0.13252704 1.015 4278587938
-0.64921772 0.13097104 0.995 4280569710
-0.64820218 0.13097104 0.995 4280371301
-0.6471867 0.13097104 0.995 4280830051
-0.64219797 0.13057615 0.99199998 4280301132
-0.64053917 0.13044453 0.991 4279906118
-0.62704581 0.13360363 1.015 4279310387
-0.62600988 0.13360363 1.015 4279309875
-0.62497395 0.13360363 1.015 4279112238
-0.62393802 0.13360363 1.015 4278849572
-0.6229021 0.13360363 1.015 4278849315
-0.62186617 0.13360363 1.015 4278915365
-0.62144196 0.13373525 1.016 4278783515
-0.65052265 0.13229179 0.99699998 4278721840
-0.64950508 0.13229179 0.99699998 4278786862
-0.64848751 0.13229179 0.99699998 4279114797
-0.64645243 0.13229179 0.99699998 4279178791
-0.64543486 0.13229179 0.99699998 4279047461
-0.64571005 0.13255717 0.99900001 4278850082
-0.64469045 0.13255717 0.99900001 4278915875
-0.6462481 0.13308793 1.003 4278784289
-0.62704581 0.13468021 1.015 4278651160
-0.62600988 0.13468021 1.015 4278716441
-0.62558973 0.13481291 1.016 4278715928
-0.32251266 0.099376641 0.74299997 4279573787
-0.32566187 0.10043435 0.745 4279577896
-0.32490152 0.10043435 0.745 4278787610
-0.32251266 0.10016472 0.74299997 4280101669
-0.32132128 0.10002991 0.74199998 4279376919
-0.32414114 0.10122454 0.745 4279972396
-0.32251266 0.1009528 0.74299997 4280037417
-0.32175434 0.1009528 0.74299997 4279246617
-0.31937569 0.10068106 0.741 4278784016
-0.31818944 0.10054518 0.74000001 4278719251
-0.32414114 0.10201474 0.745 4279775531
-0.32251266 0.10174087 0.74299997 4279643431
-0.32175434 0.10174087 0.74299997 4278984218
-0.32056397 0.10160394 0.74199998 4278522127
-0.31937569 0.10146701 0.741 4278587408
-0.3186194 0.10146701 0.741 4278653714
-0.32446539 0.10266695 0.74400002 4279642922
-0.32251266 0.10252895 0.74299997 4279380517
-0.32132128 0.10239096 0.74199998 4278918426
-0.32056397 0.10239096 0.74199998 4278719508
-0.31937569 0.10225297 0.741 4278587150
-0.3186194 0.10225297 0.741 4278587404
-0.32446539 0.10345609 0.74400002 4280497208
-0.32327095 0.10331703 0.74299997 4279774763
-0.32251266 0.10331703 0.74299997 4279313696
-0.32132128 0.10317798 0.74199998 4278917912
-0.32056397 0.10317798 0.74199998 4278718736
-0.31937569 0.10303893 0.741 4278915342
-0.3186194 0.10303893 0.741 4278783754
-0.32251266 0.10410511 0.74299997 4279510819
-0.32132128 0.103965 0.74199998 4279509792
-0.32056397 0.103965 0.74199998 4278982164
-0.31937569 0.10382488 0.741 4279244306
-0.32175434 0.10489319 0.74299997 4279706917
-0.32056397 0.10475201 0.74199998 4279442719
-0.087875389 0.050669391 0.35100001 4279508260
-0.08751715 0.050669391 0.35100001 4278387974
-0.087158911 0.050669391 0.35100001 4278387974
-0.087875389 0.051041685 0.35100001 4279708725
-0.08751715 0.051041685 0.35100001 4279906876
-0.087158911 0.051041685 0.35100001 4280170047
-0.08680068 0.051041685 0.35100001 4278784018
-0.087875389 0.051413979 0.35100001 4280037947
-0.08751715 0.051413979 0.35100001 4280104511
-0.087158911 0.051413979 0.35100001 4280433990
-0.08680068 0.051413979 0.35100001 4280762185
-0.086442441 0.051413979 0.35100001 4279311394
-0.087766483 0.051933814 0.352 4279842110
-0.087047972 0.051933814 0.352 4280039235
-0.086688712 0.051933814 0.352 4280169797
-0.088015817 0.052455768 0.35299999 4279513403
-0.087655537 0.052455768 0.35299999 4279645247
-0.14517963 0.086326897 0.49000001 4281553227
-0.14547591 0.087023862 0.491 4281421895
-0.14467953 0.086846627 0.49000001 4282080338
-0.17796122 0.23537208 1.3279999 4279648331
-0.17607389 0.23466313 1.324 4279386961
-0.17445867 0.23430866 1.322 4279586141
-0.16912186 0.23253629 1.312 4281430659
-0.16739917 0.23200457 1.309 4282613395
-0.16644377 0.23253629 1.312 4283664803
-0.1490747 0.088792741 0.498 4278322693
-0.14556532 0.08790125 0.493 4282343255
-0.17742519 0.23606746 1.324 4279647815
-0.17580792 0.23571086 1.322 4279584594
-0.1743267 0.23553255 1.321 4279520861
-0.17232373 0.23464106 1.316 4279720297
-0.17046091 0.23392788 1.312 4280510839
-0.16873515 0.23339298 1.309 4281365379
-0.16739917 0.23339298 1.309 4282613651
-0.16606317 0.23339298 1.309 4283993768
-0.16510472 0.23392788 1.312 4285111996
-0.16389048 0.23410617 1.313 4284652988
-0.16292182 0.23464106 1.316 4284456382
-0.14937405 0.089500323 0.49900001 4278388229
-0.14826812 0.0891416 0.49700001 4279907376
-0.14776087 0.0891416 0.49700001 4279842613
-0.14695734 0.088962242 0.49599999 4280105786
-0.14645112 0.088962242 0.49599999 4282145368
-0.14594488 0.088962242 0.49599999 4286553495
-0.14543866 0.088962242 0.49599999 4290698705
-0.17715718 0.23711307 1.322 4279251774
-0.17567493 0.23693371 1.321 4279583569
-0.17366686 0.23603691 1.316 4279717727
-0.17140713 0.2347814 1.309 4279982955
-0.1699412 0.23460203 1.308 4280313203
-0.16860624 0.23460203 1.308 4281036413
-0.16701551 0.23424332 1.306 4282154126
-0.16568258 0.23424332 1.306 4283468450
-0.16460134 0.23460203 1.308 4284323507
-0.16376567 0.23531948 1.312 4284588221
-0.16242662 0.23531948 1.312 4284391101
-0.16121034 0.23549883 1.313 4284785861
-0.1496734 0.090210013 0.5 4278387974
-0.14856644 0.089849174 0.498 4279972402
-0.14776087 0.089668751 0.49700001 4279908154
-0.14725363 0.089668751 0.49700001 4279842363
-0.14674638 0.089668751 0.49700001 4281026378
-0.14623913 0.089668751 0.49700001 4284381815
-0.14573188 0.089668751 0.49700001 4288460719
-0.17715718 0.23851527 1.322 4278788654
-0.17567493 0.23833485 1.321 4279187529
-0.17366686 0.23743275 1.316 4279584344
-0.17127618 0.23598939 1.308 4280244585
-0.16968136 0.23562855 1.306 4280180332
-0.16821952 0.23544812 1.3049999 4280378482
-0.16663186 0.23508729 1.303 4281233537
-0.16530199 0.23508729 1.303 4282483094
-0.16397214 0.23508729 1.303 4283601322
-0.16301674 0.23562855 1.306 4284260024
-0.16168381 0.23562855 1.306 4284785857
-0.16035089 0.23562855 1.306 4285115080
-0.14937405 0.090558872 0.49900001 4278387973
-0.14856644 0.090377383 0.498 4279905842
-0.14805818 0.090377383 0.498 4279973181
-0.14754991 0.090377383 0.498 4279644732
-0.14704163 0.090377383 0.498 4280039230
-0.14653337 0.090377383 0.498 4281749585
-0.14661156 0.090740345 0.5 4284578421
-0.17715718 0.23991749 1.322 4278853166
-0.17567493 0.23973599 1.321 4279119685
-0.17366686 0.2388286 1.316 4279581777
-0.17127618 0.23737675 1.308 4280570723
-0.16968136 0.23701379 1.306 4280967792
-0.16821952 0.23683231 1.3049999 4281035127
-0.16663186 0.23646934 1.303 4281562501
-0.16530199 0.23646934 1.303 4282352792
-0.16397214 0.23646934 1.303 4283208360
-0.16301674 0.23701379 1.306 4284062899
-0.16156 0.23683231 1.3049999 4284983232
-0.14937405 0.091088146 0.49900001 4278387974
-0.14856644 0.090905599 0.498 4279839537
-0.14776087 0.09072306 0.49700001 4279972413
-0.14725363 0.09072306 0.49700001 4279710013
-0.14674638 0.09072306 0.49700001 4279710268
-0.17662114 0.24058951 1.318 4278521367
-0.17501 0.24022444 1.316 4279247927
-0.17274311 0.23894665 1.309 4279974736
-0.17088334 0.23821647 1.3049999 4280634203
-0.16929159 0.2378514 1.303 4281228650
-0.167575 0.23730376 1.3 4281428342
-0.16612034 0.23712124 1.299 4281627781
-0.16479455 0.23712124 1.299 4282024341
-0.1635946 0.23730376 1.3 4282945701
-0.1622678 0.23730376 1.3 4284457656
-0.16118862 0.23766887 1.302 4285048767
-0.15985978 0.23766887 1.302 4285311940
-0.1490747 0.091433816 0.498 4278387974
-0.14826812 0.091250211 0.49700001 4280036660
-0.14674638 0.091250211 0.49700001 4279709754
-0.17394611 0.24015146 1.308 4279180328
-0.17221524 0.23960064 1.3049999 4280367953
-0.17049052 0.23904987 1.302 4280763989
-0.16890182 0.23868264 1.3 4280766298
-0.16744612 0.23849905 1.299 4281097578
-0.16573668 0.23794824 1.296 4281034358
-0.16441396 0.23794824 1.296 4281233797
-0.1632171 0.23813185 1.2970001 4282353307
-0.16214299 0.23849905 1.299 4283733420
-0.14988334 0.092146695 0.49900001 4278651659
-0.1490747 0.091962025 0.498 4279838248
-0.14826812 0.091777369 0.49700001 4280365883
-0.14645112 0.091592699 0.49599999 4279708985
-0.17022862 0.24006151 1.3 4280894546
-0.16877189 0.23987687 1.299 4280698706
-0.16705941 0.23932287 1.296 4280701277
-0.16560879 0.2391382 1.295 4280769643
-0.16428709 0.2391382 1.295 4281232255
-0.1629654 0.2391382 1.295 4282220694
-0.16176853 0.23932287 1.296 4282746270
-0.16044581 0.23932287 1.296 4283798959
-0.14877537 0.09230452 0.49700001 4279971890
-0.14796978 0.092118792 0.49599999 4279971639
-0.14746356 0.092118792 0.49599999 4279905850
-0.16390651 0.23995462 1.2920001 4281757055
-0.16615708 0.24076465 1.289 4281225308
-0.057376705 0.1012483 0.53899997 4278852389
-0.057926819 0.10182 0.53899997 4279974985
-0.057376705 0.10182 0.53899997 4279314226
-0.059577156 0.1023917 0.53899997 4282016114
-0.059027042 0.1023917 0.53899997 4281554533
-0.058476932 0.1023917 0.53899997 4281291104
-0.057926819 0.1023917 0.53899997 4280566613
-0.057376705 0.1023917 0.53899997 4279379508
-0.060127269 0.1029634 0.53899997 4282939279
-0.059577156 0.1029634 0.53899997 4282609025
-0.059027042 0.1029634 0.53899997 4280700511
-0.058476932 0.1029634 0.53899997 4280830558
-0.057926819 0.1029634 0.53899997 4280566616
-0.057376705 0.1029634 0.53899997 4279577145
-0.060564809 0.10334302 0.53799999 4282348949
-0.060127269 0.1035351 0.53899997 4281623423
-0.059577156 0.1035351 0.53899997 4281293169
-0.059027042 0.1035351 0.53899997 4281818740
-0.058476932 0.1035351 0.53899997 4281094503
-0.057926819 0.1035351 0.53899997 4280435801
-0.057376705 0.1035351 0.53899997 4279842893
-0.056826595 0.1035351 0.53899997 4279315005
-0.056276482 0.1035351 0.53899997 4278322439
-0.060339663 0.10352737 0.53600001 4283138469
-0.059904166 0.10372052 0.537 4282413199
-0.059466623 0.10391366 0.53799999 4281819773
-0.058917534 0.10391366 0.53799999 4281490036
-0.058368441 0.10391366 0.53799999 4280634723
-0.057819348 0.10391366 0.53799999 4280173913
-0.057376705 0.10410681 0.53899997 4280041556
-0.056826595 0.10410681 0.53899997 4279776582
-0.056276482 0.10410681 0.53899997 4278322696
-0.061518271 0.10331905 0.53200001 4283866310
-0.061089914 0.10351326 0.53299999 4283800002
-0.059681062 0.10390168 0.53500003 4283071902
-0.05924556 0.10409588 0.53600001 4282741904
-0.058808021 0.10429009 0.537 4281557113
-0.058368441 0.1044843 0.53799999 4280307043
-0.057819348 0.1044843 0.53799999 4279912025
-0.057270259 0.1044843 0.53799999 4279845972
-0.056721166 0.1044843 0.53799999 4279449413
-0.056172073 0.1044843 0.53799999 4278322696
-0.061402634 0.10368806 0.53100002 4283997637
-0.059024494 0.10427386 0.53399998 4282677396
-0.057711881 0.10485967 0.537 4279847773
-0.057163808 0.10485967 0.537 4279584084
-0.056615736 0.10485967 0.537 4279516489
-0.056067668 0.10485967 0.537 4278322952
-0.061594609 0.10366228 0.528 4284063686
-0.061286993 0.10405494 0.52999997 4283997892
-0.056950912 0.1050366 0.53500003 4279979870
-0.056510311 0.10523292 0.53600001 4279912533
-0.055963259 0.10523292 0.53600001 4278852644
-0.055416208 0.10523292 0.53600001 4278322953
-0.061055724 0.10422231 0.528 4284262089
-0.060746066 0.10461709 0.52999997 4283603900
-0.060318742 0.10481449 0.53100002 4283537077
-0.059776794 0.10481449 0.53100002 4283601841
-0.058369972 0.10520927 0.53299999 4281625476
-0.057934474 0.10540666 0.53399998 4280638836
-0.057389464 0.10540666 0.53399998 4280244074
-0.056844454 0.10540666 0.53399998 4280177764
-0.056299448 0.10540666 0.53399998 4280110429
-0.055754438 0.10540666 0.53399998 4279713618
-0.055209428 0.10540666 0.53399998 4278587928
-0.061361302 0.10438545 0.52600002 4284132298
-0.060940091 0.1045839 0.52700001 4284723922
-0.060516838 0.10478235 0.528 4284327878
-0.060205139 0.10517925 0.52999997 4284128958
-0.059776794 0.10537771 0.53100002 4284127415
-0.059234846 0.10537771 0.53100002 4283797164
-0.058260463 0.10557616 0.53200001 4281427330
-0.057825983 0.1057746 0.53299999 4280638582
-0.057281997 0.1057746 0.53299999 4280506992
-0.056738008 0.1057746 0.53299999 4280506218
-0.056194019 0.1057746 0.53299999 4280307552
-0.055650029 0.1057746 0.53299999 4279778897
-0.05510604 0.1057746 0.53299999 4278653463
-0.060824458 0.10494336 0.52600002 4284527055
-0.060402226 0.10514288 0.52700001 4284722893
-0.060091548 0.10554189 0.52899998 4284786374
-0.059664212 0.1057414 0.52999997 4284587453
-0.059234846 0.10594092 0.53100002 4283993774
-0.058692899 0.10594092 0.53100002 4282742679
-0.058260463 0.10614043 0.53200001 4282018699
-0.057717495 0.10614043 0.53200001 4281295487
-0.057174526 0.10614043 0.53200001 4280703346
-0.056631558 0.10614043 0.53200001 4280373607
-0.056088589 0.10614043 0.53200001 4280175197
-0.055545621 0.10614043 0.53200001 4279909714
-0.055002656 0.10614043 0.53200001 4278653464
-0.060091548 0.10610299 0.52899998 4284851911
-0.059664212 0.10630356 0.52999997 4284784064
-0.059234846 0.10650414 0.53100002 4284322228
-0.058692899 0.10650414 0.53100002 4283728806
-0.058150951 0.10650414 0.53100002 4283465119
-0.057717495 0.10670471 0.53200001 4282215562
-0.057174526 0.10670471 0.53200001 4281097076
-0.055545621 0.10670471 0.53200001 4280304471
-0.059234846 0.10706735 0.53100002 4284519866
-0.058692899 0.10706735 0.53100002 4284058030
-0.058150951 0.10706735 0.53100002 4283728547
-0.057609003 0.10706735 0.53100002 4282675341
-0.057067055 0.10706735 0.53100002 4281622134
-0.078721069 0.14267215 0.69300002 4284587980
-0.078464076 0.14349566 0.69700003 4284390603
-0.078198917 0.14431915 0.70099998 4283996614
-0.078721069 0.1434072 0.69300002 4284521669
-0.078238927 0.14382106 0.69499999 4284324549
-0.07748346 0.14506269 0.70099998 4283864765
-0.093504995 0.069471151 0.33399999 4281288534
-0.079313733 0.14393423 0.69199997 4284720069
-0.077752709 0.14497423 0.69700003 4284587456
-0.077151872 0.14518222 0.69800001 4284061368
-0.093504995 0.069825411 0.33399999 4279375384
-0.093164116 0.069825411 0.33399999 4282140753
-0.09282323 0.069825411 0.33399999 4282402638
-0.078721069 0.14487728 0.69300002 4284456894
-0.078238927 0.1452954 0.69499999 4284785601
-0.077041335 0.14571352 0.69700003 4284390072
-0.078721069 0.14561233 0.69300002 4284326076
-0.078238927 0.14603256 0.69499999 4284786368
-0.077752709 0.1464528 0.69700003 4284851647
-0.077041335 0.1464528 0.69700003 4284521655
-0.19002816 0.11657106 0.55199999 4278717456
-0.078721069 0.14634737 0.69300002 4284457405
-0.078126356 0.14655855 0.69400001 4284720574
-0.077418044 0.14655855 0.69400001 4284588730
-0.076820269 0.14676973 0.69499999 4284324788
-0.18946478 0.11715655 0.55199999 4279705123
-0.18924361 0.11736879 0.55299997 4279244056
-0.18867922 0.11736879 0.55299997 4279046934
-0.079313733 0.14687017 0.69199997 4284127674
-0.07860747 0.14687017 0.69199997 4284457150
-0.077901199 0.14687017 0.69199997 4284720576
-0.077194937 0.14687017 0.69199997 4284917952
-0.18788958 0.11816865 0.55400002 4279771685
-0.068692587 0.078367628 0.34999999 4278519302
